regulator	target	bootstraps
PITX2	STIL	20.0
PITX2	TTK	20.0
PITX2	ANLN	20.0
PITX2	ERCC6L	20.0
PITX2	ECT2	20.0
SOX6	MEX3A	20.0
PITX2	KIF15	20.0
PITX2	MCM10	20.0
PITX2	BUB1	20.0
MAF	STX11	20.0
CTCF	CENPF	-20.0
MAF	CHL1	20.0
PITX2	KANK3	-20.0
PITX2	CENPI	20.0
PITX2	XRCC2	20.0
NFYB	ZNF695	20.0
PITX2	PLK4	20.0
YBX1	ALYREF	20.0
PITX2	KIF23	20.0
PITX2	CEP55	20.0
PITX2	MASTL	20.0
YBX1	UBE2S	20.0
AHR	GAS2L3	-20.0
MAF	TMEM37	20.0
GATA2	INPP4B	20.0
PITX2	FANCB	20.0
ZEB1	LRP1	-20.0
MAF	CPA3	20.0
MYCN	BYSL	20.0
MAF	DPT	20.0
PITX2	GINS1	20.0
PITX2	RACGAP1	20.0
MAF	THSD7B	20.0
MAF	FAM198B	20.0
CTCF	PKMYT1	-20.0
PITX2	TOP2A	20.0
SOX6	TET3	20.0
MYCN	GAL	20.0
MAF	F13A1	20.0
MAF	HSD17B11	20.0
CTCF	DSCAML1	20.0
PITX2	DDIAS	20.0
SOX6	SBK1	20.0
GATA2	COL4A6	20.0
MAF	NR3C1	20.0
ARNTL	AVPR2	-20.0
SRF	MRVI1	20.0
TCF3	IGIP	20.0
MAF	CCDC69	20.0
IRF6	LSR	20.0
CTCF	CABLES2	-20.0
PLAGL1	SLC25A39	20.0
GATA5	THSD7A	20.0
GATA5	DMD	20.0
YBX1	ZC3H6	-20.0
SRF	LIMS2	20.0
MYCN	VGF	20.0
CTCF	PLOD1	-20.0
MYCN	NUDT3	20.0
YBX1	FAM172A	-20.0
CTCF	IQUB	20.0
SOX10	FAM198B	20.0
MYCN	LRRC59	20.0
MYCN	NME1	20.0
YBX1	ACOT7	20.0
RUNX2	SHCBP1	-20.0
ONECUT1	B3GALT1	20.0
YBX1	DTYMK	20.0
PITX2	CIRBP	-20.0
CTCF	C1orf168	20.0
IRF9	IFI6	20.0
CTCF	HOGA1	20.0
ZNF148	COL10A1	20.0
CTCF	DNAH5	20.0
SRF	CYR61	20.0
GATA4	SYNPO2	20.0
GATA2	SYNPO2	20.0
LHX1	PDGFD	20.0
PITX2	FAM110D	-20.0
CTCF	ZWINT	-20.0
MYCN	MTHFD2	20.0
MYCN	GTPBP4	20.0
IRF6	TPM3	20.0
GATA2	RBMS3	20.0
GATA3	ARID5B	20.0
CTCF	SMIM10L2A	20.0
GATA4	RBMS3	20.0
TP53	GPX2	20.0
MYCN	NT5DC2	20.0
FOXA1	NR2F1	20.0
RUNX1	FNDC1	20.0
CTCF	E2F3	-20.0
SOX6	ZNF124	20.0
NFYB	MXD3	20.0
RFX3	TFAP2B	20.0
GATA2	AK5	20.0
TP53	SLC47A2	20.0
E2F6	WDR76	20.0
GATA4	PTPRM	20.0
YBX1	ZWINT	20.0
GATA2	ARID5B	20.0
GATA2	SYTL2	20.0
NFE2L2	KRT16	20.0
GATA3	MATN2	20.0
ZNF148	CST6	20.0
MAF	CCDC68	20.0
SOX6	CDK5R1	20.0
GATA2	SLIT2	20.0
GATA5	EYS	20.0
LHX1	DMGDH	20.0
PPARG	PRRT4	20.0
PPARG	SLC25A18	20.0
ZEB1	EVPL	20.0
GATA2	RAB30	20.0
SOX6	GPC2	20.0
MAF	SERPINF1	20.0
GATA5	LRP1B	20.0
GATA5	SETBP1	20.0
MAF	TLR4	20.0
SOX6	VANGL2	20.0
ARNTL	APH1B	-20.0
TP53	DLK2	20.0
TFAP2A	P2RY11	20.0
MYCN	CKS1B	20.0
E2F1	WNT10A	-20.0
SP4	PARK2	20.0
PPARD	ANKK1	20.0
LHX1	ANK2	20.0
LHX1	HTR4	20.0
MAF	CXCL2	20.0
NR4A1	AQP5	20.0
YBX1	SLC35A2	20.0
GATA4	FOXO1	20.0
CTCF	C8orf34	20.0
E2F6	ELAVL2	20.0
NFYC	PCDHB9	20.0
ZEB1	CD24	20.0
SP4	LYZ	-20.0
GATA3	HMMR	-20.0
GATA5	AIM2	-20.0
SP4	ZC3H12D	-20.0
GATA3	PARD3B	20.0
GATA3	SEMA3C	20.0
LHX1	PLA2R1	20.0
TP53	NXNL2	20.0
GATA4	PCOLCE2	20.0
GATA4	HTR4	20.0
GATA4	ABTB2	-20.0
SP1	MIA	-20.0
PITX2	CDCA8	19.0
IRF9	CXCL11	19.0
PITX2	CENPE	19.0
PITX2	SRPK1	19.0
MAF	PECAM1	19.0
YBX1	ANAPC11	19.0
PITX2	DLGAP5	19.0
PITX2	TNS2	-19.0
NFYB	EXO1	19.0
PITX2	MTBP	19.0
PITX2	GSG2	19.0
PITX2	KIF11	19.0
PITX2	SGO2	19.0
CTCF	SPC24	-19.0
MYCN	RRS1	19.0
CTCF	STXBP1	19.0
MAF	STARD8	19.0
NFYB	NUF2	19.0
MAF	ADCY4	19.0
PITX2	PBK	19.0
NFYB	CEP55	19.0
NFYB	RNASEH2A	19.0
PITX2	E2F8	19.0
NFYB	RAD54L	19.0
PITX2	TRIP13	19.0
HOXB3	GPX7	19.0
YBX1	RECQL4	19.0
GATA2	DNMBP	19.0
TCF3	TBX15	19.0
IRF6	HDGF	19.0
TCF3	AGTR1	19.0
REL	CALR	19.0
TCF3	SVEP1	19.0
GATA3	SSPN	19.0
TCF4	MAL2	19.0
TP53	TP63	19.0
MYCN	VARS	19.0
PITX2	PSME4	19.0
NFYB	EME1	19.0
MYCN	SLC25A39	19.0
MYCN	YDJC	19.0
PLAGL1	DDX49	19.0
CTCF	FANCI	-19.0
PITX2	GTPBP4	19.0
ZEB1	GNG2	-19.0
GATA5	ISG15	-19.0
MYCN	PWP2	19.0
GATA5	ARHGEF38	19.0
MYCN	RUVBL1	19.0
MYCN	HAGHL	19.0
YBX1	NUAK2	19.0
HOXC8	PITX1	-19.0
GATA3	SEMA5A	19.0
CTCF	MRGPRX3	19.0
GATA3	ENPP2	19.0
CTCF	FOXO1	19.0
YBX1	KIF14	19.0
TP53	NTF4	19.0
REST	B4GALNT4	19.0
GATA4	FAT4	19.0
GATA4	MCTP1	19.0
PBX2	GPX3	19.0
NR2F1	PYGM	19.0
GATA5	CACNA2D1	19.0
MYCN	PYCRL	19.0
IRF6	RCC1	19.0
GATA3	THSD4	19.0
CTCF	MUCL1	19.0
ETV1	PTPRB	-19.0
MYCN	TONSL	19.0
PITX2	FANCD2	19.0
IRF9	USP18	19.0
MAF	THBD	19.0
GATA3	FAT4	19.0
BHLHE40	FAXDC2	19.0
ZEB1	NECTIN4	19.0
TP53	AMIGO2	19.0
CREB3L1	SLC39A7	19.0
CTCF	CPE	19.0
GATA3	STARD13	19.0
STAT5B	MAATS1	-19.0
TP53	COL17A1	19.0
CTCF	MRPL9	-19.0
GATA4	ABI3BP	19.0
ZNF202	RPP40	-19.0
SP4	PDGFD	19.0
TCF4	EPCAM	19.0
CDX2	FOXA1	19.0
GATA4	IGSF9	-19.0
GATA2	FAT4	19.0
RFX3	DYNLRB2	19.0
GATA2	SYTL5	19.0
SOX10	ETV7	-19.0
SRF	PTRF	19.0
SOX17	C9orf152	-19.0
YBX1	RASSF7	19.0
CTCF	GSN	19.0
HIVEP2	SLC22A3	-19.0
GATA5	EPHB2	-19.0
CTCF	SPEF2	19.0
GATA3	SLIT3	19.0
E2F7	PIK3R1	19.0
MAF	KAT2B	19.0
SOX10	CHL1	19.0
E2F3	DDO	-19.0
ZEB1	RASAL1	19.0
CTCF	ACSS3	19.0
RUNX1	LRRC15	19.0
MNT	UPP1	-19.0
GATA3	TFPI	19.0
ZNF202	PNPLA7	19.0
CTCF	BHMT2	19.0
YBX1	DPP3	19.0
NFYC	BBOF1	-19.0
EHF	S100A8	19.0
EHF	S100A9	19.0
SP4	GAS2L3	-19.0
GATA4	AFF1	19.0
ZEB1	SERPINF1	-19.0
TFAP2A	FAM207A	19.0
ARNTL	KANK2	-19.0
CREB3L1	KDELR3	19.0
E4F1	FOSB	19.0
E2F6	IGFBPL1	19.0
GATA4	CDH13	19.0
NR2F6	LRFN1	-19.0
TP53	VIPR1	19.0
GATA4	ZFPM2	19.0
PPARG	ALDH4A1	19.0
GATA3	INPP4B	19.0
LHX1	FAM196B	19.0
GATA3	PRICKLE2	19.0
NFYC	ST3GAL4	19.0
CTCF	PLSCR2	-19.0
MAF	CARF	19.0
MAF	THSD7A	19.0
MAX	THSD7B	19.0
FOXJ1	KIF14	19.0
KLF5	SPAG4	19.0
KLF16	COL1A1	-19.0
MAF	PTK7	-19.0
RBPJ	LRRC10B	19.0
GATA3	SYTL2	19.0
SP4	AGO2	-19.0
LHX6	FGF14	-19.0
GATA5	FGF14	19.0
ZNF274	HMGA2	19.0
ALX4	CXCL17	19.0
LHX1	ZNF385D	19.0
EGR3	CLDND2	19.0
SP3	CHRNB4	19.0
FOXM1	S100A7A	19.0
SP4	ATF3	19.0
EHF	CARD17	19.0
LHX1	MAML3	19.0
MYPOP	SYCP2L	19.0
ELK3	VASH2	-19.0
GATA5	PCCA	19.0
PITX2	SKA1	18.0
PITX2	TPX2	18.0
CTCF	MCM2	-18.0
PITX2	DEPDC1B	18.0
YBX1	SASH1	-18.0
GATA3	PALM2-AKAP2	18.0
PITX2	EXO1	18.0
NFYB	CDCA8	18.0
YBX1	TSEN54	18.0
PITX2	CCNB2	18.0
MYCN	TOMM40	18.0
ARNTL	PSMD14	18.0
SOX17	CDK1	18.0
PITX2	FAM72B	18.0
CTCF	CCDC170	18.0
MAF	LRRC2	18.0
CTCF	C21orf58	-18.0
CTCF	FAM47E	18.0
PITX2	OIP5	18.0
PITX2	ESPL1	18.0
CTCF	RFC2	-18.0
CTCF	RECQL4	-18.0
CTCF	MYOM1	18.0
CTCF	CHRDL1	18.0
NFYB	ESPL1	18.0
HOXB3	TMEM147	18.0
NFYB	CDC25C	18.0
YBX1	TOMM40	18.0
GATA2	IQGAP2	18.0
CTCF	PAQR4	-18.0
PITX2	CTPS1	18.0
IRF9	CMPK2	18.0
MAF	MFAP4	18.0
MYCN	SLC52A2	18.0
GATA4	KCNMA1	18.0
SIX2	WDR62	18.0
TCF3	DKC1	-18.0
GATA4	ATOH8	18.0
PITX2	RAPGEF3	-18.0
NFYB	DDX39A	18.0
GATA3	PLSCR4	18.0
GATA2	APPL2	18.0
PITX2	PLPP1	-18.0
ARNTL	SLC16A4	-18.0
MZF1	PUS1	-18.0
YBX1	LRP2BP	-18.0
CTCF	CENPM	-18.0
MAF	ZEB2	18.0
TCFL5	CCNE2	18.0
CTCF	WDR34	-18.0
GATA2	SEMA5A	18.0
MYCN	UBE2V2	18.0
IRF6	WSCD1	-18.0
CTCF	C4orf32	18.0
CTCF	CALU	-18.0
LHX1	FAM83D	-18.0
FOXF1	RUNDC3B	18.0
MYPOP	NUDT5	18.0
FOXA1	GPRASP1	18.0
MYCN	DCAF13	18.0
E2F6	NCAPD2	18.0
IRF6	MAOA	-18.0
E2F6	FBXO5	18.0
GATA2	YARS	-18.0
GATA4	TLR4	18.0
GATA3	FRMD6	18.0
TCFL5	CCNF	18.0
FOXA1	ENY2	-18.0
MYCN	H2AFX	18.0
NFYB	ASF1B	18.0
TCFL5	MCM6	18.0
E2F6	TCF19	18.0
IRF6	ILF2	18.0
CTCF	TMEM37	18.0
MAF	CLEC1A	18.0
GATA3	LUZP2	18.0
CTCF	CACYBP	-18.0
MAF	FAH	18.0
IRF6	GHR	-18.0
PITX2	GPSM2	18.0
GATA2	SLC16A12	18.0
ARNTL	DNALI1	-18.0
E2F6	ECT2	18.0
HOXB3	MRPL51	18.0
FOXP1	DESI2	18.0
MAF	RASGRF2	18.0
BHLHE40	KCNMB1	18.0
MNT	CARF	18.0
GATA4	TACC1	18.0
MYPOP	FAM83D	18.0
E2F6	CCNE2	18.0
MECP2	RBM38	-18.0
YBX1	LPAR2	18.0
CTCF	DTYMK	-18.0
RELB	SLC50A1	-18.0
RUNX2	CENPN	-18.0
CTCF	SCGB1D2	18.0
SOX11	VWF	18.0
FOXA1	PCDHGA2	18.0
ZNF148	MMP11	18.0
HOXD4	FAM13C	18.0
TCFL5	DSN1	18.0
REL	RELB	18.0
MAF	PLXNA4	18.0
TAL1	LTB	18.0
HOXB3	GAPDH	18.0
GATA3	FILIP1L	18.0
MAF	GLDN	18.0
GATA3	PRKG1	18.0
GATA4	APPL2	18.0
GATA5	LY6E	-18.0
ARNTL	TRIM11	18.0
CTCF	PRX	18.0
CTCF	VWF	18.0
POU5F1B	IGF2BP3	18.0
HOXB3	MLF2	18.0
SOX6	ZFP69B	18.0
CTCF	FGF2	18.0
ARNTL	CCT5	18.0
E2F6	ZNF367	18.0
HOXA6	BAK1	-18.0
IRF6	CCT3	18.0
MAF	NEGR1	18.0
TFAP2A	C14orf80	18.0
PPARG	NATD1	18.0
E2F4	LIN9	18.0
IRF6	CAT	-18.0
CTCF	MGLL	18.0
MZF1	PAM16	-18.0
YBX1	RHBDL2	18.0
MAF	AADAC	18.0
SP4	PLAC9	18.0
HOXD4	SNX22	-18.0
ZNF202	GIPR	18.0
TP53	AFP	18.0
E4F1	CYR61	18.0
E2F6	WDHD1	18.0
YBX1	ATP1B2	-18.0
AHR	CALU	-18.0
MZF1	DUS1L	-18.0
TGIF2	NEK5	18.0
SP4	LUZP2	18.0
MAF	PPARG	18.0
HIVEP2	CTXN1	18.0
GATA3	PHLDB2	18.0
YBX1	NUDT5	18.0
CREB3L1	CHPF	18.0
MAF	ABCD2	18.0
SOX6	XRCC2	18.0
NR4A2	PMEL	-18.0
GATA4	ABLIM3	18.0
GATA3	PDE1C	18.0
MAF	BHMT2	18.0
ELF1	PSMC3IP	-18.0
PKNOX1	DLX5	18.0
GATA3	COLEC12	18.0
PPARG	PDK4	18.0
ONECUT1	SLC39A6	18.0
TP53	ABCC8	18.0
FOXF1	ST6GALNAC1	18.0
MAF	EIF4E3	18.0
SP1	PMAIP1	-18.0
MYCN	ENY2	18.0
GATA2	RNFT2	-18.0
FOXF1	FAAP24	-18.0
GATA4	ANK2	18.0
SIM1	SLC2A1	18.0
MAF	DMGDH	18.0
ZSCAN4	SLC25A39	-18.0
KLF5	PGP	18.0
JDP2	KIAA1644	18.0
MNT	TLL2	-18.0
THRA	SOX8	18.0
SP1	PLAC9	18.0
GATA3	C16orf45	18.0
GATA4	MKI67	-18.0
CREB3L1	MAGED1	18.0
SP1	MMRN2	18.0
GATA2	ART3	-18.0
CTCF	HPRT1	-18.0
GATA5	CHL1	18.0
ZNF202	CCT6A	-18.0
KLF7	ROPN1	18.0
GATA4	RAB30	18.0
TWIST1	SIX3	18.0
GATA2	PLAT	18.0
MAF	SEMA3C	18.0
GATA4	FGF14	18.0
GATA2	IL33	18.0
GATA4	LRRK2	18.0
PLAGL1	ASPHD1	18.0
MAF	E2F3	-18.0
SP4	MYO1G	-18.0
GATA2	ENPP2	18.0
GATA5	MAGI1	18.0
MYPOP	MAML3	-18.0
MAX	IGSF1	18.0
E2F6	RNF182	18.0
PRDM1	HIST2H4A	-18.0
GATA5	GBP1	-18.0
LHX1	DLG2	18.0
SP4	RXFP1	-18.0
SP4	SPOCK2	-18.0
ZIC2	PHLDA2	18.0
SP4	STX11	-18.0
E2F5	CCDC168	18.0
GATA2	NEDD9	18.0
ZSCAN16	SELL	18.0
MYPOP	PARK2	-18.0
ATF6	MAGEC2	18.0
MAF	C8orf34	18.0
BATF	PCDHA1	18.0
ZBTB7B	CERS1	18.0
LHX1	PMAIP1	-18.0
GATA4	ZNF385D	18.0
EHF	HEPHL1	18.0
EHF	SLIT2	-18.0
EHF	PI3	18.0
GATA2	KIAA1549L	-18.0
MAF	SAPCD2	-17.0
PITX2	NDC80	17.0
IRF9	CXCL10	17.0
GATA4	CEP120	17.0
CTCF	FAM13B	17.0
CTCF	ESCO2	-17.0
MYCN	BAX	17.0
GATA4	SYNE1	17.0
PITX2	ZNF695	17.0
CTCF	AQP1	17.0
GATA4	ANTXR2	17.0
PITX2	FAM72A	17.0
GATA4	NOVA1	17.0
MYCN	DDN	17.0
MAF	SYNPO	17.0
MAF	PSRC1	-17.0
NFYB	SKA1	17.0
NFYB	TROAP	17.0
CTCF	CKAP2L	-17.0
CTCF	CLSPN	-17.0
ARNTL	ERG	-17.0
CTCF	MLXIPL	17.0
PITX2	NUSAP1	17.0
CTCF	OXTR	17.0
PITX2	ADAM33	-17.0
CTCF	ADAMTS14	-17.0
CTCF	CDCA4	-17.0
CTCF	TBCE	-17.0
PITX2	AURKA	17.0
GATA4	LHFP	17.0
CTCF	SCN3A	17.0
CTCF	HMGA1	-17.0
CTCF	XPO5	-17.0
YBX1	PSRC1	17.0
ARNTL	TICRR	17.0
PITX2	KIF18A	17.0
CTCF	EBF3	17.0
CTCF	IMPA2	-17.0
PLAGL1	BAX	17.0
CTCF	E2F2	-17.0
GATA4	FOXN3	17.0
CTCF	KLHDC1	17.0
PLAGL1	RGS19	17.0
MYCN	DNPH1	17.0
CTCF	MAP3K20	17.0
TCF3	NCAPD2	-17.0
PITX2	KLF2	-17.0
NFYB	KIF11	17.0
FOXA1	CTPS1	-17.0
MAF	CLIC5	17.0
LHX1	SIK2	17.0
MYCN	NUP93	17.0
AHR	NHSL2	-17.0
YBX1	ELOC	17.0
GATA4	CFL2	17.0
HOXB3	MYCT1	-17.0
PLAGL1	TIGD5	17.0
GATA2	NOVA1	17.0
CTCF	GPC3	17.0
CTCF	ADCY5	17.0
FOXA1	ISM1	17.0
CTCF	KIF20A	-17.0
MAF	TRPC6	17.0
ARNTL	STAT5B	-17.0
GATA4	SCARA5	17.0
CTCF	ALDH1A1	17.0
ARNTL	MELK	17.0
CTCF	MYOZ3	17.0
HOXD4	TLL1	17.0
NFYB	DDX49	17.0
GATA4	DYNC2H1	17.0
MYPOP	ELOC	17.0
GATA3	STC2	17.0
TCF3	HOXD8	17.0
TFAP2A	RANGAP1	17.0
GATA2	CEP120	17.0
GATA5	SECTM1	-17.0
HOXC8	CD34	17.0
IRF6	SLC6A9	17.0
GATA3	SIK2	17.0
DLX3	ACTA2	17.0
MAF	DNMT3A	-17.0
HOXC8	EDNRB	17.0
SOX17	ACP7	17.0
YBX1	MCM2	17.0
GATA3	NEGR1	17.0
PITX2	SOX17	-17.0
PITX2	SERP2	-17.0
E2F7	IMPDH1	-17.0
ATF6	SGK2	-17.0
PITX2	ATAD5	17.0
GATA2	ZEB1	17.0
HOXD4	CRYBG3	17.0
MYCN	LMNB2	17.0
GATA2	GFRA1	17.0
MYPOP	KLHL29	-17.0
FOXA1	AR	17.0
GATA5	MEGF9	17.0
ELF1	PTP4A3	-17.0
REL	TAPBP	17.0
MAF	SLC19A3	17.0
ARNTL	SLC14A1	-17.0
GATA2	ANO6	17.0
E2F5	KNTC1	17.0
LHX1	KLHL3	17.0
CTCF	SLC35A2	-17.0
GATA2	DYNC2H1	17.0
MYCN	RRP36	17.0
MYCN	SNRPC	17.0
CTCF	HRASLS	-17.0
PITX2	ZFP69B	17.0
CTCF	CEP85	-17.0
GATA4	KLHL29	17.0
YBX1	POLA2	17.0
CTCF	TMEM255A	17.0
ZEB1	RAB25	17.0
KLF5	ATP6V0B	17.0
GATA5	P2RY6	-17.0
MAF	STK32B	17.0
PITX2	EPRS	17.0
GATA2	CDCA2	-17.0
GATA4	ST6GALNAC3	17.0
E2F5	ATAD5	17.0
PITX2	SUV39H2	17.0
GATA3	CYBRD1	17.0
MYCN	SUV39H2	17.0
TCFL5	BRI3BP	17.0
MAF	GPR156	-17.0
MAF	SOCS3	17.0
TCFL5	TIMELESS	17.0
GATA2	PRKG1	17.0
MYCN	BOP1	17.0
GATA5	CSTB	-17.0
CTCF	DONSON	-17.0
YBX1	MYOM1	-17.0
LHX1	FOXN3	17.0
HOXB3	ZMYND19	17.0
RUNX2	EZH1	17.0
CTCF	C1orf115	17.0
E4F1	EGR1	17.0
FOXA1	MAMDC2	17.0
IRF9	CCL5	17.0
PROX1	NCAPH	17.0
ARNTL	TMEM144	-17.0
TGIF2	HLF	17.0
GATA3	TTLL4	-17.0
CTCF	GRPR	17.0
CTCF	DRD1	17.0
FOXA1	IRS1	17.0
ZSCAN4	NAXE	-17.0
MYCN	WDR4	17.0
MYCN	HGH1	17.0
PLAGL1	FAM58A	17.0
HOXD4	GIPC2	17.0
STAT1	KCNK5	-17.0
TCF4	BICDL1	17.0
CTCF	TSEN54	-17.0
MAF	GPX3	17.0
CTCF	CCDC85A	17.0
HOXB5	RGS10	-17.0
CTCF	POLR2F	-17.0
GATA5	NR3C2	17.0
NR2C1	BORA	17.0
MAF	CHRDL1	17.0
PLAGL1	C1orf159	17.0
CTCF	LPAR2	-17.0
ZNF148	COL1A1	17.0
TCF3	SLC7A8	17.0
MAF	SFT2D2	-17.0
CTCF	LPL	17.0
CTCF	ALPK3	17.0
MAF	GRIA1	17.0
IRF9	FAM26F	17.0
CTCF	FLVCR1	-17.0
MAF	ADGRD1	17.0
GATA2	APOBEC3B	-17.0
ARNTL	HTATIP2	17.0
CTCF	TFPI	17.0
ETV1	STS	-17.0
CTCF	ACVR1C	17.0
PLAGL1	P3H4	17.0
MAF	MT1A	17.0
IRF6	EFNA1	17.0
MAF	SMARCA4	-17.0
ETV1	C19orf48	17.0
YBX1	NEK10	-17.0
FOXA1	C7	17.0
GATA3	AFF3	17.0
PLAGL1	C9orf142	17.0
E2F5	WDR76	17.0
ONECUT2	MAN1A1	17.0
RFX3	TMEM45B	17.0
GATA3	NFKBIZ	17.0
YBX1	CEP68	-17.0
GATA3	AIM1L	-17.0
MAF	CD70	17.0
LHX1	NHSL2	17.0
YBX1	ADIRF	-17.0
MYCN	TUBB3	17.0
CTCF	UBXN10	17.0
GATA2	FRMD6	17.0
ARNTL	CCDC158	-17.0
LHX1	CPEB3	17.0
HNF1A	ELOVL5	17.0
CTCF	PDE5A	17.0
FOXA1	PLEKHH2	17.0
GATA2	MEGF9	17.0
BHLHE40	CRB2	17.0
GATA5	ERBB4	17.0
GATA4	RBP1	-17.0
TCFL5	PSPH	17.0
GATA4	CDCA2	-17.0
SP4	CEP126	17.0
GATA5	IFI6	-17.0
SP4	TNFRSF9	-17.0
NR1H2	IL2RA	17.0
GATA4	CADM2	17.0
ZNF202	UBE2V2	-17.0
ETV1	DPH2	17.0
GATA2	PHLDB2	17.0
SOX6	ALDH2	-17.0
CTCF	ZNF385B	17.0
GATA5	CPEB3	17.0
CTCF	ACADL	17.0
GATA4	MYRIP	17.0
SOX6	TMSB15A	17.0
MAF	KLF2	17.0
YBX1	SLC2A6	17.0
SP4	TMEM232	17.0
YBX1	IL21R	17.0
GATA3	CHRNB4	-17.0
YBX1	CLCN2	17.0
MYPOP	GABRA5	17.0
MAF	GABBR2	-17.0
MAF	LRP1B	17.0
MYPOP	SAMD5	-17.0
YBX1	SLC7A2	-17.0
CTCF	NTS	17.0
GATA4	FABP6	-17.0
LHX1	SCARA5	17.0
GATA5	TRPC6	17.0
ARNTL	OCIAD2	17.0
LHX1	LYPD1	-17.0
SP4	STC2	17.0
NR1H2	OAS1	17.0
MAF	MASP1	17.0
YBX1	CD70	17.0
GATA3	RTKN2	-17.0
MYCN	ARL9	17.0
GATA5	PDE11A	17.0
TWIST1	CARMIL2	17.0
MAF	CACNA2D1	17.0
LHX1	CAV2	17.0
IRF2	MARCH4	-17.0
LHX1	NR3C2	17.0
GATA4	DLG2	17.0
SP4	SAMD5	17.0
TP63	PPFIA3	17.0
MAX	TENM2	17.0
CTCF	CCDC158	17.0
CTCF	CEMIP	-17.0
MYPOP	CDC14A	-17.0
YBX1	TRIM11	17.0
YBX1	TAP2	17.0
PPARD	IL2RA	-17.0
GATA5	MYRIP	17.0
STAT1	TMC5	17.0
GATA2	LAPTM4B	-17.0
SP4	TPPP3	17.0
THRA	AQP5	17.0
LHX1	PARK2	17.0
SP4	FAM83D	-17.0
MAF	CTSV	-17.0
YBX1	HIST3H2A	17.0
LHX1	MYRIP	17.0
E2F6	KIF1A	17.0
E2F6	FBXO45	17.0
GATA2	PDLIM3	17.0
MNT	S100A3	-17.0
GATA2	NCAM2	17.0
ZNF274	NPTX2	17.0
GATA4	HIST1H4E	-17.0
E4F1	NR4A3	17.0
ZNF202	CCDC183	17.0
SIM1	VEGFA	17.0
GATA3	ART3	-17.0
TWIST1	FAM19A3	17.0
KLF15	ALDH1B1	17.0
GATA2	ZNF385D	17.0
GATA5	RAB30	17.0
GATA2	ST6GALNAC3	17.0
GATA2	CPSF4L	-17.0
PROX1	DEPDC7	17.0
SP4	GSTM3	17.0
HINFP	SOX11	-17.0
MAX	SFT2D2	-17.0
MAX	DNAJC12	17.0
MYPOP	GREB1	-17.0
GATA4	SAMD5	17.0
MAX	SLC7A2	17.0
GATA2	GPR158	-17.0
POU5F1B	FBXW10	17.0
MAX	IL20RA	17.0
LHX1	PKD1L1	17.0
LHX1	EFEMP1	17.0
EHF	HTR2C	17.0
CREB3L2	CRABP1	17.0
GATA3	NR2E3	17.0
LHX1	C3orf67	-17.0
GATA2	RIPK2	-17.0
JUN	CLEC2L	17.0
EHF	SPRR2D	17.0
MYPOP	CT45A1	17.0
SP1	DNAJC6	-17.0
FOXQ1	SLC39A12	-17.0
GATA4	NDUFS6	-16.0
MAF	CD36	16.0
PITX2	AUNIP	16.0
CTCF	KIAA0232	16.0
PITX2	EZH2	16.0
PITX2	NCAPG	16.0
YBX1	PJA2	-16.0
GATA4	ITPR1	16.0
MNT	NDUFS6	-16.0
GATA4	TEK	16.0
PITX2	MAD2L1	16.0
YBX1	TIMM17B	16.0
GATA3	RANBP3L	16.0
PITX2	ARHGAP11A	16.0
SMAD1	LRP1	16.0
GATA2	TEK	16.0
CTCF	KIF4A	-16.0
NFYB	CDC25A	16.0
CTCF	CSTB	-16.0
GATA4	KCTD12	16.0
GATA2	TMTC1	16.0
CTCF	LIFR	16.0
CTCF	SLC19A1	-16.0
YBX1	BICDL1	16.0
GATA4	MRPL36	-16.0
PITX2	NCAPH	16.0
MAF	TRHDE	16.0
NFYB	AURKB	16.0
GATA4	DMXL1	16.0
MAF	ITSN1	16.0
CTCF	HSDL2	16.0
CTCF	DBF4	-16.0
CTCF	KIAA1524	-16.0
CTCF	FZD4	16.0
CTCF	DRC3	16.0
PITX2	ORC1	16.0
GATA5	DMXL1	16.0
NFYB	ORC6	16.0
MAF	CCBE1	16.0
IRF9	OASL	16.0
MECP2	RUNX1T1	16.0
CTCF	RAD54B	-16.0
MYCN	NOSTRIN	-16.0
PITX2	SPAG5	16.0
AHR	COMTD1	16.0
CTCF	SF3B4	-16.0
GATA4	PFKFB1	16.0
GATA3	CORO2B	16.0
CTCF	HOXA7	16.0
PITX2	ZWILCH	16.0
PITX2	WDHD1	16.0
PITX2	CCDC152	-16.0
STAT1	E2F1	-16.0
REL	TRIM23	-16.0
MYCN	MRPL14	16.0
POU5F1B	POLQ	16.0
HOXB3	UQCRHL	16.0
YBX1	CCDC167	16.0
CTCF	GRASP	16.0
GATA4	SEMA6D	16.0
NFYB	UHRF1	16.0
GATA5	SH3D19	16.0
YBX1	CDK1	16.0
YBX1	TUBA1C	16.0
PPARG	ABCA8	16.0
AHR	KNL1	-16.0
MYCN	LRFN4	16.0
YBX1	PDE5A	-16.0
GATA2	KCTD12	16.0
MYCN	CBS	16.0
GATA4	UTRN	16.0
MAF	LPCAT1	-16.0
CTCF	PPARG	16.0
CTCF	CDC14B	16.0
CTCF	FAM129A	16.0
CTCF	LIMA1	16.0
LHX1	FBXL17	16.0
LHX1	FAM214A	16.0
IRF6	GPAM	-16.0
GATA5	DUSP6	16.0
MAF	ABCA8	16.0
LHX1	MND1	-16.0
NR4A2	MRPL12	16.0
MAF	MFSD2B	-16.0
CTCF	HPDL	-16.0
PLAGL1	LRWD1	16.0
MYCN	CKS2	16.0
MAF	CNRIP1	16.0
GATA2	MND1	-16.0
LHX1	UTRN	16.0
YBX1	AHNAK	-16.0
KLF12	RECK	-16.0
BHLHE40	KPNA2	-16.0
GATA3	PARPBP	-16.0
YBX1	TK1	16.0
GATA5	IRF7	-16.0
ARNTL	TSEN15	16.0
PITX2	ALDH1L1	-16.0
LHX1	ABCA9	16.0
REL	SLC25A22	16.0
GATA4	NAV3	16.0
PITX2	KIF24	16.0
GATA4	IQGAP2	16.0
PLAGL1	RPUSD1	16.0
HIVEP2	RTKN	16.0
YBX1	FZD4	-16.0
MYPOP	ADGRV1	-16.0
MAF	JAM3	16.0
MYPOP	PLPP3	-16.0
PLAGL1	CHPF	16.0
NFE2L2	PSMB2	16.0
MYPOP	EPAS1	-16.0
GATA4	EPAS1	16.0
E2F6	CENPK	16.0
MAF	MFAP5	16.0
NR2F1	KCNIP2	16.0
E4F1	RECK	16.0
GATA4	ANKRD29	16.0
IRF9	RSAD2	16.0
CTCF	PCDH19	16.0
GATA3	KCTD12	16.0
MYCN	PPM1G	16.0
MYPOP	ITPR1	-16.0
HOXC8	RHOJ	16.0
GATA4	DST	16.0
YBX1	FMO5	-16.0
MYCN	PUF60	16.0
FOXA2	DMBX1	16.0
MAF	RELN	16.0
GATA3	ANGPTL2	16.0
MYCN	FBXL6	16.0
ARNTL	DPT	-16.0
CTCF	EIF4E3	16.0
IRF6	DNAJC18	-16.0
E2F6	ZWILCH	16.0
YBX1	NDUFB9	16.0
FOXA1	TOMM5	-16.0
PITX2	CYB5D2	-16.0
GATA4	GFRA1	16.0
CTCF	SELENOP	16.0
ELK1	HAS3	-16.0
PLAGL1	CBX8	16.0
CTCF	PTK7	-16.0
GATA5	TUBB8	-16.0
SP1	DUSP6	16.0
IRF9	LAG3	16.0
TCF3	SYTL4	16.0
MYCN	EPOP	16.0
MNT	FAM13B	16.0
PLAGL1	CYBA	16.0
DLX3	LDB2	16.0
CTCF	STBD1	16.0
YBX1	EXOC3L4	16.0
CTCF	PHYHIP	16.0
STAT1	VWA5A	16.0
RUNX2	CAMP	-16.0
HOXC8	CPA1	16.0
MYCN	CBX2	16.0
GATA2	NAV3	16.0
GATA2	LRP8	-16.0
PLAGL1	GIPC1	16.0
GATA4	PDIA4	-16.0
RUNX2	GGH	-16.0
ZNF219	DCAF13	-16.0
PLAGL1	TRABD	16.0
HOXA6	SEC13	-16.0
GATA2	PFKFB1	16.0
TP53	SGSM1	16.0
POU5F1B	SLC7A11	16.0
MAF	E2F7	-16.0
GATA2	THRB	16.0
HOXA6	POLI	16.0
YBX1	PFDN2	16.0
CTCF	CLCN1	16.0
YBX1	HIST1H3G	16.0
GATA3	ERBB4	16.0
CTCF	AHNAK	16.0
NFYB	CCDC150	16.0
CTCF	FMO5	16.0
MYCN	CFAP70	-16.0
MNT	MRPL36	-16.0
FOS	KIT	-16.0
CTCF	TSC22D3	16.0
LHX1	LHFP	16.0
IRF6	PRCC	16.0
CTCF	RMI2	-16.0
IRF2	N4BP2L1	16.0
CTCF	CDKN1C	16.0
MAF	ARSG	16.0
NFE2L2	GSDMC	16.0
MAF	GNG2	16.0
YBX1	MFSD3	16.0
GATA3	NTN4	16.0
POU5F1B	IQGAP3	16.0
BHLHE40	HIF3A	16.0
GATA3	UQCRH	-16.0
MAF	OLFML1	16.0
ELF1	ADAMTS7	-16.0
BHLHE40	PDZK1	16.0
HLF	SBK1	-16.0
YBX1	MRPL12	16.0
YBX1	FANCI	16.0
MECP2	FBXL5	16.0
GATA5	FBXL17	16.0
GATA2	DCDC2	16.0
STAT1	ACOX2	16.0
CTCF	CARM1	-16.0
MYPOP	DBF4	16.0
GATA4	DDR2	16.0
CREB3L1	PLAUR	16.0
GATA3	TMEM135	16.0
TAL1	CORO1A	16.0
POU5F1B	SCARA5	-16.0
FOXA1	CKS1B	-16.0
EHF	FERMT2	-16.0
GATA2	ARL15	16.0
YBX1	BAIAP2L1	16.0
YBX1	MTFP1	16.0
MAF	HSD11B1	16.0
GATA4	LRP8	-16.0
ARNTL	APBA2	16.0
PITX2	PUS7	16.0
GATA5	HOXA6	16.0
REL	CCL20	16.0
HOXB3	TPI1	16.0
NR4A2	EIF4EBP1	16.0
ELK1	KLHL17	16.0
MNT	LPCAT1	-16.0
TFAP2A	ADCK5	16.0
TCFL5	SKP2	16.0
GATA2	NEK10	16.0
HOXB3	NPM3	16.0
NFYC	EFCAB6	-16.0
MAF	ALDH1A1	16.0
GATA2	IL1RAPL2	16.0
GATA5	THSD7B	16.0
MYCN	TTLL12	16.0
PITX2	NUDCD1	16.0
MAF	CYP3A5	16.0
TGIF2	MAPT	16.0
POU5F1B	DAPP1	16.0
CTCF	SASH1	16.0
GATA3	TACC1	16.0
SOX17	CXCL2	-16.0
MYCN	PNP	16.0
CTCF	ACBD7	-16.0
ETV1	TXNIP	-16.0
MZF1	NPM3	-16.0
E2F3	CNIH2	16.0
CTCF	DRAXIN	-16.0
TGIF2	ABCC11	16.0
PLAG1	DEUP1	-16.0
SOX17	P4HA3	16.0
TFAP2A	DNPH1	16.0
SOX17	GLMP	16.0
HIVEP2	SYNE3	-16.0
MAX	MFSD2B	-16.0
MAF	CKAP2L	-16.0
ZEB1	PDGFRL	-16.0
GATA2	NDUFB9	-16.0
MAX	DRC3	16.0
LHX1	SH3D19	16.0
GATA3	SLC35F2	-16.0
YBX1	HMGA1	16.0
ZNF219	MTERF3	-16.0
ETV1	WDR4	16.0
IRF5	RBM43	16.0
POU5F1B	CCNA2	16.0
GATA4	GRK3	16.0
ETV7	HYAL3	16.0
GATA3	NCAM2	16.0
GATA3	NEDD9	16.0
SOX10	ADCY4	16.0
GATA2	LUZP2	16.0
NFE2L2	MROH6	16.0
YBX1	GINS2	16.0
GATA3	CACNA2D1	16.0
GATA2	PACSIN3	-16.0
GATA3	APOLD1	16.0
ZNF263	KLK10	16.0
GATA4	CAPG	-16.0
GATA3	BMPER	16.0
CTCF	VAX2	-16.0
SP3	FERMT2	16.0
MNT	WISP2	-16.0
YBX1	CKAP4	16.0
PPARG	UBXN10	16.0
GATA2	SEMA6D	16.0
LHX1	ACO1	16.0
YBX1	PTS	16.0
POU5F1B	CDC6	16.0
ARNTL	MGARP	-16.0
GATA2	KNSTRN	-16.0
MYPOP	SLC6A15	16.0
MNT	NDUFA4L2	-16.0
GATA2	DIXDC1	16.0
WT1	CERS1	16.0
NFE2L2	TXN	16.0
ETV3	HSD17B6	-16.0
MAF	LTBP2	16.0
GATA5	IQGAP2	16.0
HOXD3	DHTKD1	16.0
GATA4	TMEM178A	16.0
PLAGL1	MDK	16.0
GATA4	LAMA2	16.0
GATA5	MCTP1	16.0
SOX6	ZNF492	16.0
GATA3	ANO6	16.0
LHX1	DLC1	16.0
LHX1	DCLK1	16.0
CTCF	CDK16	-16.0
YBX1	MRPL9	16.0
E2F3	ZBTB8B	16.0
LHX1	SLC1A7	16.0
GATA5	RELN	16.0
SOX10	SYTL5	16.0
GATA2	LYPD6	16.0
PPARG	PALM	16.0
NR4A2	ZNF689	-16.0
ZHX1	TWIST2	-16.0
E2F6	TFDP1	16.0
LHX1	ZEB1	16.0
GATA2	DNAH7	16.0
ZEB1	VANGL2	16.0
CTCF	COL22A1	-16.0
YBX1	HIST1H3B	16.0
CTCF	CHI3L2	-16.0
GATA4	ANO6	16.0
E4F1	ISM1	16.0
ZNF263	C6orf15	16.0
YBX1	PCDH19	-16.0
MAF	MGLL	16.0
GATA2	C11orf87	16.0
E2F4	HSPB8	-16.0
YBX1	HIST1H3C	16.0
GATA4	HIST1H2BE	-16.0
TFDP1	BAIAP3	-16.0
BACH1	TRIM59	16.0
LHX1	MKL2	16.0
NFYC	NRM	16.0
TBX3	PIGR	-16.0
EHF	TNIP3	16.0
YBX1	GPR143	16.0
LHX1	PRDM5	16.0
LHX1	RBMS3	16.0
SP4	IL2RG	-16.0
TFCP2	PDK3	16.0
GATA4	PCSK5	16.0
ATF3	WNT10A	-16.0
CTCF	ZYG11A	-16.0
MNT	ARSG	16.0
GATA3	COBLL1	16.0
RFX7	GPR37	-16.0
MYPOP	NHSL2	-16.0
TCF7L2	CYP4F12	-16.0
CTCF	GSTM3	16.0
SP1	PLPP3	16.0
SP1	LHFP	16.0
GATA5	CDH19	16.0
YBX1	TMEM105	16.0
ZNF274	PCSK1	16.0
MYPOP	C14orf132	-16.0
GATA4	INPP4B	16.0
ARNTL	HPRT1	16.0
CTCF	PODXL2	-16.0
LHX1	DCBLD1	-16.0
MAX	MRPL15	-16.0
GATA5	EGF	16.0
AHR	NCAPG2	-16.0
DLX3	AQP1	16.0
GATA4	RASGRF2	16.0
LHX1	SYNPO2	16.0
WT1	DIRAS1	16.0
GATA4	PRKG1	16.0
CTCF	MGARP	16.0
MYCN	DLL3	16.0
MAF	SMS	-16.0
CTCF	SHMT2	-16.0
GATA2	RELL2	-16.0
CTCF	VSIG2	16.0
GATA2	CRIM1	16.0
GATA3	PDE7B	16.0
NFE2L1	CEP85	16.0
ZEB1	NCCRP1	16.0
GATA5	TNFSF13B	-16.0
TEAD1	IGFL1	16.0
GATA3	ACSL1	16.0
GATA4	ACO1	16.0
GATA3	CDC123	-16.0
WT1	UCHL1	16.0
GATA3	TMEM232	16.0
MYPOP	DLX4	16.0
GATA2	TAGLN2	-16.0
SP4	PIM2	-16.0
MAF	IL6	16.0
RBPJ	CRABP2	16.0
MAX	AFF3	16.0
SP1	C14orf132	16.0
MYPOP	WT1	16.0
NR2C2	MTURN	-16.0
DLX3	MFAP5	16.0
MAF	DBNDD1	-16.0
ARNTL	GRB14	16.0
GATA3	THBS4	16.0
MYPOP	HMMR	16.0
GATA2	FGF14	16.0
LHX1	APOLD1	16.0
SP1	RTKN2	-16.0
GATA3	NUDT5	-16.0
JUN	NKAIN1	16.0
SP1	SHC4	-16.0
GATA5	CARD17	-16.0
DDIT3	RASGRF1	16.0
GATA4	RNFT2	-16.0
GATA4	BMPER	16.0
SOX6	CXCR4	16.0
SOX10	FILIP1L	16.0
TFAP2E	SYN1	-16.0
SIX3	GALNT13	16.0
YBX1	SLC12A8	16.0
ARNTL	TRIM69	16.0
CTCF	LIN28B	-16.0
GATA3	ANO3	16.0
SOX4	MOCOS	-16.0
GATA3	GRIA1	16.0
SP4	TAP2	-16.0
NFE2L1	NPC1L1	-16.0
GATA4	EGR2	16.0
SP4	ABTB2	-16.0
LHX1	CTSV	-16.0
CTCF	GRM2	-16.0
GATA5	TG	-16.0
LHX1	LONRF2	16.0
EHF	ADGRF4	16.0
GATA3	ZNF385B	16.0
FOXQ1	SPRR1B	16.0
XBP1	DKKL1	16.0
MNT	LYPD1	-16.0
MAF	ABCA13	-16.0
HOXB6	CDH19	16.0
STAT5B	CCL11	16.0
CTCF	BPI	-16.0
YBX1	RIPPLY2	16.0
MAX	PDE1C	16.0
SP3	PRTFDC1	16.0
MAX	KCNQ3	-16.0
NFIL3	CHI3L1	16.0
LHX6	SHC4	-16.0
SP1	TEX15	-16.0
GATA4	DNAH11	-16.0
EHF	PPM1E	-16.0
GATA2	ABTB2	-16.0
SP4	RARRES1	-16.0
HOXB8	CCK	16.0
CTCF	SKA3	-15.0
CTCF	TPRG1	15.0
MAF	ABCB1	15.0
CTCF	UBE2S	-15.0
CTCF	NEK2	-15.0
AHR	PRR11	-15.0
GATA4	ZEB1	15.0
CTCF	TTC28	15.0
PITX2	FOXM1	15.0
MAF	AOX1	15.0
CTCF	RHOU	15.0
NFYB	TTK	15.0
HOXB3	GCNT4	-15.0
MYCN	FAM72B	15.0
PITX2	DTL	15.0
NFYB	TPX2	15.0
ARNTL	TAL1	-15.0
CTCF	PRR11	-15.0
PITX2	RAD51	15.0
PITX2	UBE2T	15.0
NFYB	GINS1	15.0
GATA4	POC1A	-15.0
FOXA1	SCUBE2	15.0
MYCN	LRWD1	15.0
YBX1	MYOCD	-15.0
MAF	ABCA9	15.0
GATA5	ABCB1	15.0
MAF	CPED1	15.0
ZNF219	MRPL13	-15.0
MAF	MSH2	-15.0
SP4	CORO2B	15.0
FOXA1	ARHGAP20	15.0
YBX1	TTC28	-15.0
MAX	FAM49B	-15.0
LHX1	EBF1	15.0
PITX2	GNG11	-15.0
GATA4	MME	15.0
CTCF	FGF1	15.0
HLF	ACVR1C	15.0
MYCN	PDSS1	15.0
PITX2	COX7A1	-15.0
FOXA1	RUNX1T1	15.0
IRF9	TAP1	15.0
ARNTL	PJA2	-15.0
FOXJ3	CDK1	15.0
IRF6	ZNF483	-15.0
MAF	NEIL3	-15.0
PLAGL1	LRRC45	15.0
ZSCAN4	FAM58A	-15.0
GATA3	SGO1	-15.0
MYCN	PUS1	15.0
PITX2	MTHFD2	15.0
NFYB	FAM189B	15.0
CTCF	PHGDH	-15.0
YBX1	PKM	15.0
HOXC8	HSPB6	15.0
ARNTL	GALK1	15.0
FOXA1	FMOD	15.0
HOXC8	NR5A2	15.0
PITX2	LMNB1	15.0
AHR	HMMR	-15.0
NFYB	ERCC6L	15.0
CTCF	GRAMD1C	15.0
GATA3	MAST4	15.0
HOXC8	AURKB	-15.0
SIX2	CENPO	15.0
MYCN	SAP30	15.0
YBX1	PAFAH1B3	15.0
ZEB1	MITF	-15.0
LHX1	GMDS	-15.0
FOXA2	CDO1	-15.0
SOX17	C3orf18	-15.0
TCFL5	CENPL	15.0
NFYB	EZH2	15.0
FOXA1	ADAMTS15	15.0
REL	FAM161B	-15.0
MYPOP	DST	-15.0
TCF3	CD34	15.0
MAF	NHSL2	15.0
FOS	PLAUR	15.0
MECP2	DNAJC9	-15.0
HOXD4	MRPL14	-15.0
MYCN	ECE2	15.0
IRF6	S100P	15.0
HOXC8	TACC3	-15.0
PITX2	GIPC2	-15.0
NFE2L2	SH3BGRL2	-15.0
CTCF	PSD2	15.0
CTCF	FAM149A	15.0
YBX1	LSM4	15.0
ZEB1	PKP3	15.0
MYCN	CFL1	15.0
MAF	SETBP1	15.0
TCF3	GALNT15	15.0
HOXB3	CARM1	15.0
MYCN	RANBP1	15.0
IRF9	STAT1	15.0
PITX2	HSPA14	15.0
GATA3	WISP2	15.0
MAF	G0S2	15.0
TFEC	RBP7	15.0
FOXA1	CLSTN2	15.0
PPARG	HSPB7	15.0
FOXA1	SEC61G	-15.0
PLAGL1	MIF	15.0
YBX1	RNF180	-15.0
CTCF	PLSCR4	15.0
MYCN	CAB39L	-15.0
FOXC2	FABP4	15.0
NR2F1	GPR146	15.0
MAF	C7	15.0
MZF1	LBHD1	-15.0
GATA5	RGS19	-15.0
E2F5	TEX30	15.0
CTCF	EGFLAM	15.0
PLAGL1	TOP1MT	15.0
ZEB1	PDZK1IP1	15.0
IRF6	RABIF	15.0
ARNTL	MDGA2	15.0
MAF	FLRT2	15.0
PITX2	ISLR2	-15.0
TCFL5	INCENP	15.0
CTCF	PGBD5	-15.0
SOX11	TEK	15.0
E2F6	ARHGAP11B	15.0
MYCN	UBQLN4	15.0
BARX2	RELT	-15.0
MYPOP	COA6	15.0
CTCF	TTC23L	15.0
MYCN	LSM2	15.0
ETV1	POLD1	15.0
GATA2	MME	15.0
LHX1	LRRC2	15.0
YBX1	ZEB2	-15.0
GATA2	ARRB1	15.0
NR2E3	CKAP5	15.0
SOX10	STK32B	15.0
GATA3	LIMA1	15.0
FOXA1	ARPC5L	-15.0
HOXB3	MSX2	-15.0
CTCF	DRP2	-15.0
CTCF	CDC14A	15.0
CTCF	CFAP61	15.0
PLAGL1	GNB1L	15.0
MAF	FYCO1	15.0
E2F4	PTRF	-15.0
ELF1	NFKBIB	-15.0
PITX2	MYOM2	-15.0
KLF5	KIAA1109	-15.0
YBX1	CDCA4	15.0
MNT	FAM196B	15.0
MYCN	MTERF3	15.0
E4F1	ADGRD1	15.0
CTCF	ACBD4	15.0
STAT5B	TDO2	15.0
IRF6	RUSC1	15.0
PROX1	TPM3	15.0
REL	DNAJB11	15.0
YBX1	MXD3	15.0
YBX1	COTL1	15.0
PLAG1	PLA2G16	15.0
CTCF	MMP28	15.0
HOXD10	SNCA	15.0
GATA3	CPED1	15.0
CTCF	TMEM65	-15.0
HINFP	CEP68	15.0
TCF3	SLC35G2	15.0
GATA2	HN1	-15.0
GATA2	LAMA2	15.0
ETV1	GPX3	-15.0
ARNTL	PRAME	15.0
GATA2	CRY2	15.0
ZEB1	KRTCAP3	15.0
RUNX2	B3GALT1	15.0
CTCF	TMEM97	-15.0
IRF8	FBXL19	-15.0
HOXD10	AKAP6	15.0
ARNTL	TRIM59	15.0
PPARG	SLC7A10	15.0
BARX1	TUBB4A	-15.0
GATA2	RGS5	15.0
MAF	CASQ2	15.0
PLAGL1	C14orf80	15.0
RUNX2	PNP	-15.0
SIX2	CHAF1B	15.0
CTCF	YWHAZ	-15.0
SP4	NOVA1	15.0
LHX1	ANKRD29	15.0
CTCF	GARS	-15.0
CTCF	RIPK2	-15.0
GATA3	HOXA5	15.0
ZNF202	LTBP4	15.0
NR4A2	SLC39A6	-15.0
PPARG	MRPL15	-15.0
CDX2	TSPAN1	15.0
YBX1	ISG15	15.0
CTCF	CALCOCO1	15.0
NFE2L2	PRDX1	15.0
TCF3	HSPB8	15.0
ZNF148	MMP14	15.0
TGIF2	MUC6	15.0
GATA3	PCDH19	15.0
GATA3	AXIN2	15.0
ELK4	SHROOM4	-15.0
YBX1	NACC1	15.0
SOX17	CMYA5	-15.0
NFE2L1	F5	15.0
LHX1	PTPN21	15.0
GATA2	MAST4	15.0
YBX1	POLI	-15.0
MYCN	CTXN1	15.0
MSC	RSAD2	15.0
SOX11	ADAMTS1	15.0
PROX1	CCDC150	15.0
GATA2	PRTG	15.0
SRF	ACTA1	15.0
NR2F1	KLB	15.0
SMAD3	UNC5B	15.0
TWIST1	BAIAP2L2	15.0
MAX	YWHAZ	-15.0
ELK4	LDB3	-15.0
MNT	DTYMK	-15.0
E2F6	KIAA1841	15.0
GATA2	GLDN	15.0
SOX10	THSD4	15.0
SOX6	ATAD5	15.0
SOX17	MYCN	15.0
CREB3L2	ASIC4	15.0
SIM1	IGFL3	15.0
ZSCAN16	ABCD2	15.0
GATA3	NRXN3	15.0
STAT2	PSMB9	15.0
TP63	PDE3B	-15.0
GATA5	PIK3C2G	15.0
ETV1	STEAP4	-15.0
REST	CEND1	15.0
GATA3	DNMBP	15.0
ONECUT1	CFAP43	15.0
PROX1	LETMD1	-15.0
GATA2	TLR4	15.0
NKX6-1	PPP1R3C	15.0
AR	ADRB1	15.0
MAF	CCDC85A	15.0
SP4	C16orf45	15.0
SOX10	CARF	15.0
SP4	RTKN2	-15.0
ELF3	BCL2L14	15.0
E2F6	POU4F1	15.0
GATA2	TMEM26	15.0
LHX1	SLIT3	15.0
SOX6	FOXP4	15.0
GATA2	HIST1H2BE	-15.0
HLF	VPS72	-15.0
GATA4	NR3C2	15.0
SOX10	RAB27B	15.0
GATA5	LAMA3	15.0
XBP1	P3H1	15.0
SP4	NCAPG2	-15.0
GATA3	RSPO3	15.0
CTCF	MSANTD3	-15.0
GATA3	HNMT	15.0
MAF	C1orf112	-15.0
MYPOP	LTBP2	-15.0
TCFL5	NSD2	15.0
SOX11	FILIP1L	15.0
YBX1	CCDC148	-15.0
MAFG	RGS5	-15.0
LHX1	TRPM3	15.0
YBX1	HIST1H3H	15.0
HINFP	ABCD2	15.0
ZEB1	UBXN10	15.0
HINFP	PRKAR2B	15.0
ZNF148	KRT16	15.0
LHX1	EYS	15.0
PPARG	HSPA12A	15.0
GATA3	SPATA18	15.0
CTCF	CAPN8	15.0
ZEB1	IL17D	-15.0
KLF3	KRT6B	15.0
MYPOP	CKAP2	15.0
SP4	BUB1B	-15.0
PPARG	DTX1	15.0
LHX1	NEIL3	-15.0
E2F3	CDH24	15.0
ARNTL	RMI2	15.0
PPARG	ITGA7	15.0
POU5F1B	IFIT2	15.0
NR2C2	TMEM47	-15.0
MAX	IL18	-15.0
SP1	EBF1	15.0
ZIC2	BOLA1	15.0
ZIC2	MTFP1	15.0
GATA5	GFRA1	15.0
MYPOP	GLDC	15.0
SOX10	SETBP1	15.0
GATA3	RAB30	15.0
GATA3	TMEM52	-15.0
CTCF	ACTA2	15.0
SP4	ANKRD29	15.0
MAX	DNAH7	15.0
GATA5	APPL2	15.0
MAF	SRSF12	-15.0
GATA4	CRIM1	15.0
CTCF	SPP1	-15.0
SP3	MKL2	15.0
LHX1	INTU	15.0
GATA5	VNN3	-15.0
MAX	NEK10	15.0
GATA2	CDKL2	15.0
CTCF	KREMEN2	-15.0
LHX1	THRB	15.0
RFX2	NDRG1	-15.0
AHR	MAP4K1	15.0
POU5F1B	RHEBL1	15.0
E2F1	LCN2	-15.0
MAX	ARHGAP24	15.0
GATA2	TRPM3	15.0
GATA4	DCUN1D5	-15.0
ZNF148	ANKRD1	15.0
E2F6	GPR161	15.0
GATA2	GRIA1	15.0
MNT	ST8SIA6	15.0
GATA4	C11orf87	15.0
ZNF148	TCHHL1	15.0
MAX	RNFT2	-15.0
MAX	SLC16A1	-15.0
MYPOP	NR4A2	-15.0
GATA4	HIST1H2AE	-15.0
YBX1	KCNJ6	15.0
MYPOP	MRPL36	15.0
SP1	EPAS1	15.0
EHF	GLRX2	15.0
TCF7L2	IGFL2	15.0
CTCF	CLCN2	-15.0
MAX	ATOH8	15.0
LHX1	DDR2	15.0
E2F1	KRT83	-15.0
MAX	PIK3C2G	15.0
RBPJ	TNNT2	15.0
GATA2	PRTFDC1	-15.0
MNT	GRAMD1C	15.0
SP4	NUAK2	-15.0
FOXD1	LRRIQ4	15.0
GATA2	HIST1H2AE	-15.0
LHX1	SYBU	15.0
ZIC2	BUB1B	15.0
STAT6	ZNF716	-15.0
SP4	CAV2	15.0
GABPA	TLX2	-15.0
CTCF	BEND6	-15.0
DLX3	BRIP1	-15.0
SP1	DLC1	15.0
SP3	GPR143	15.0
WT1	MYT1	15.0
PPARD	FRMPD2	15.0
MAX	WLS	15.0
CEBPA	CNGB1	15.0
FOXO3	CXCR4	-15.0
GATA3	HRASLS	-15.0
SP1	CYP27C1	-15.0
MAF	EFR3B	-15.0
SP4	VSIG2	15.0
CTCF	DOCK3	-15.0
MAX	PXDNL	-15.0
MYPOP	SYBU	-15.0
NR6A1	GATA5	15.0
SP4	MYRIP	15.0
REST	WNT6	15.0
BATF	BRINP3	15.0
GATA4	GREB1	15.0
SP1	IGSF9	-15.0
GATA5	RNF222	-15.0
MAX	PALM2	-15.0
YBX1	HMMR	14.0
CTCF	TCP11L2	14.0
MAF	CIT	-14.0
ARNTL	TUBA1C	14.0
CTCF	ZCCHC24	14.0
ARNTL	IQGAP3	14.0
GATA2	POC1A	-14.0
PITX2	RAD54L	14.0
NFYB	CDCA3	14.0
CTCF	SDC1	-14.0
CTCF	SORBS1	14.0
ARNTL	TRPC1	-14.0
HOXB3	HAUS8	14.0
NFYB	NDC80	14.0
CTCF	CENPA	-14.0
PITX2	FAM72D	14.0
MYCN	TRIP13	14.0
GATA2	ALDH1A2	14.0
NFYB	NCAPH	14.0
MYCN	MCM10	14.0
NFYB	NCAPG	14.0
FOXA1	IGF1	14.0
CTCF	ADHFE1	14.0
NFE2L1	POC1A	14.0
EPAS1	AARD	14.0
ONECUT2	ECM2	14.0
TCF3	TIMP3	14.0
NFYB	CDC20	14.0
PITX2	PAMR1	-14.0
ELF3	PDZK1IP1	14.0
HOXB3	PAFAH1B3	14.0
FOXA1	TNXB	14.0
PITX2	CCNE1	14.0
MYCN	DSCC1	14.0
CTCF	CCDC167	-14.0
TCF3	KL	14.0
NFYB	CCNB1	14.0
NR2F1	PDE2A	14.0
HLF	ADRB2	14.0
MYCN	PRDM13	14.0
PITX2	GINS4	14.0
POU5F1B	KNL1	14.0
TCF3	PEAR1	14.0
GATA4	CDH5	14.0
MYPOP	LRIG1	-14.0
FOXA2	CXCL12	-14.0
HOXD10	HLF	14.0
ETV1	ECM2	-14.0
POU5F1B	IFIH1	14.0
RUNX1	CTHRC1	14.0
POU5F1B	DIAPH3	14.0
TCF3	PDE2A	14.0
PROX1	PNPLA7	-14.0
CTCF	PRR19	-14.0
HOXC8	SHE	14.0
PITX2	RHOB	-14.0
MAF	S1PR1	14.0
ARNTL	POLR2H	14.0
GATA4	DMD	14.0
TCFL5	CENPU	14.0
YBX1	PLSCR4	-14.0
ZEB1	LAD1	14.0
GATA4	ALDH1A2	14.0
REL	PLOD3	14.0
ZIC2	RBL1	-14.0
ELF1	SCX	-14.0
TFAP2A	MXD3	14.0
PITX2	MOCS1	-14.0
RUNX2	KCTD5	-14.0
MAF	GNAL	14.0
PLAG1	HDAC2	-14.0
MYCN	H2AFZ	14.0
SOX17	PGM5	-14.0
ELK4	PTPRB	-14.0
FOXA1	LCA5	14.0
GATA3	MYLK	14.0
PITX2	PRIM2	14.0
YBX1	C20orf194	-14.0
MAF	PDE7B	14.0
IRF6	EFNA4	14.0
YBX1	HES6	14.0
PITX2	DNAH9	-14.0
NFE2L2	TNFRSF18	14.0
ARNTL	SNED1	-14.0
FOXA1	ABAT	14.0
HOXB3	PPP1R12B	-14.0
PITX2	FBXO45	14.0
FOXA1	RABEP1	14.0
RUNX2	ANLN	-14.0
GATA4	PLCXD3	14.0
PITX2	LYRM9	-14.0
LHX1	HIF3A	14.0
SP4	MSX2	14.0
CTCF	IGSF10	14.0
YBX1	TSHZ2	-14.0
ELK4	PREX2	-14.0
CTCF	SLC25A18	14.0
NR2F1	RAPGEF3	14.0
GATA5	COTL1	-14.0
CTCF	TRDN	14.0
GATA3	CRIM1	14.0
MZF1	MCRIP2	-14.0
GATA2	ANGPTL1	14.0
GATA2	GPRASP2	14.0
GATA4	ARHGAP24	14.0
GATA5	HLA-F	-14.0
PITX2	EME1	14.0
MYCN	DNMT3B	14.0
GATA3	ARHGEF39	-14.0
PLAGL1	SIRT7	14.0
GATA5	GULP1	14.0
CTCF	CDK2AP1	-14.0
TFAP2A	BAX	14.0
YBX1	HNRNPAB	14.0
CTCF	PFDN2	-14.0
PITX2	TET3	14.0
STAT1	STEAP2	14.0
POU5F1B	ASPM	14.0
E2F4	NDN	-14.0
NFE2L1	CLSPN	14.0
REL	HRASLS5	-14.0
PITX2	DTX1	-14.0
SOX11	SDPR	14.0
TCFL5	POLA2	14.0
MAF	CLDN11	14.0
HOXD4	PRSS27	-14.0
CREB3L1	FUT3	14.0
NFYB	RDM1	14.0
MYCN	GGH	14.0
TGIF2	INPP5J	14.0
MAF	CORO2B	14.0
ARNTL	SMPDL3B	14.0
TCF4	LSR	14.0
IRF6	SCUBE1	-14.0
GATA4	SLC4A4	14.0
AHR	FANCI	-14.0
GATA2	PRICKLE2	14.0
PPARG	KLHDC7A	14.0
CTCF	RANBP17	-14.0
HOXB3	MAGOH	14.0
MAF	SH3D19	14.0
GATA4	RGS5	14.0
SP4	CACNA2D2	14.0
PLAGL1	ADCK5	14.0
NR2F1	RDH5	14.0
FOXL2	ARHGEF6	14.0
SP4	JAM3	14.0
MYCN	PRELID3A	14.0
GATA5	LRIG1	14.0
SOX6	TK2	-14.0
HOXC8	TRAIP	-14.0
GATA4	ZEB2	14.0
MECP2	APBB2	14.0
FOXA2	SLC4A7	-14.0
MYCN	ARRDC3	-14.0
MAF	COL14A1	14.0
LHX1	TRHDE	14.0
PBX2	PLPP1	14.0
FOXA1	ADH1B	14.0
ONECUT1	EFCAB6	14.0
MAF	FERMT2	14.0
KLF5	REEP4	14.0
HLF	KLB	14.0
ZHX1	PRRT4	-14.0
MAF	CEP126	14.0
CTCF	SRSF5	14.0
GATA3	SDPR	14.0
HOXA2	P2RX5	-14.0
HOXB3	EIF4EBP1	14.0
MECP2	CLMP	14.0
ARNTL	SBSN	14.0
MAFG	ESCO2	14.0
GATA4	AGMO	14.0
LHX1	SLC19A3	14.0
SP4	EFCAB1	14.0
ARID3A	CAPS2	14.0
POU5F1B	EFCAB12	-14.0
MYCN	TCF3	14.0
GATA4	MRPL15	-14.0
TCF3	NOP2	-14.0
GATA5	ARPC1B	-14.0
GATA5	DST	14.0
YBX1	IER5L	14.0
YBX1	KAT2B	-14.0
PLAGL1	B4GALNT4	14.0
ATF3	ALPP	-14.0
STAT2	CXCL10	14.0
REL	CMC2	14.0
SP4	LHFP	14.0
ZIC2	GRASP	14.0
TP53	DHRS2	14.0
GATA5	HOXA5	14.0
MAX	TMEM178A	14.0
YBX1	RBBP8NL	14.0
REL	HLA-A	14.0
FOXD1	CSAG3	14.0
YBX1	AOX1	-14.0
HOXB3	LRRC61	14.0
SOX10	CPB1	14.0
DLX3	CAV1	14.0
E2F6	NMU	14.0
NR2C1	TTC13	14.0
CTCF	RHEBL1	-14.0
HOXD4	SLC39A4	-14.0
CTCF	COMTD1	-14.0
E4F1	MRPS17	-14.0
MYCN	AMY2B	-14.0
GATA4	DNAH7	14.0
CTCF	BMP3	14.0
ZNF263	AKR7A3	14.0
MEOX1	KLRG2	14.0
ZEB1	UPK2	14.0
NFE2L1	PARPBP	14.0
GATA5	TTBK2	14.0
SOX17	MMP12	14.0
LHX1	CPED1	14.0
CTCF	CLPSL1	-14.0
LHX1	COA6	-14.0
YBX1	PGLYRP4	14.0
TCFL5	PLA2G4D	14.0
ETV3	MYO19	-14.0
NR2F1	ELMOD3	14.0
LHX1	TMEM135	14.0
YBX1	FRMPD2	-14.0
CTCF	NUP210	-14.0
STAT1	LBP	14.0
SOX10	GRPR	14.0
IRF6	PAQR6	14.0
STAT2	PARP12	14.0
E2F6	HTR1D	14.0
TCFL5	SLC16A10	14.0
SOX6	KIF24	14.0
ONECUT2	CCDC3	14.0
KLF5	S100A11	14.0
IRF6	ZIC4	14.0
LHX1	PLPP4	-14.0
REST	ATP2B3	14.0
BARX2	RMDN2	14.0
GATA4	LAPTM4B	-14.0
SP1	ESAM	14.0
CTCF	ADAMTS18	14.0
POU5F1B	SMC4	14.0
POU5F1B	HELLS	14.0
CTCF	PGK1	-14.0
HOXB3	LGALS12	-14.0
ARNTL	SHMT2	14.0
GATA5	GLI3	14.0
ZNF148	C6orf15	14.0
GATA3	JMJD4	-14.0
MYPOP	DUSP6	-14.0
MEF2C	CRABP2	-14.0
SOX10	FYCO1	14.0
ONECUT1	INPP5J	14.0
ARNTL	NGFR	-14.0
ARNTL	SPDL1	14.0
GATA3	SLCO5A1	-14.0
CTCF	PKD1L1	14.0
PROX1	TUBB3	14.0
POU2F3	NKX1-2	14.0
MAX	LYPD6	14.0
RELB	CX3CL1	14.0
GATA5	TMTC1	14.0
TCF4	TDRKH	14.0
AHR	STC2	14.0
ARNTL	MSANTD3	14.0
ATF6	DGAT2	-14.0
E2F6	MAL2	14.0
CTCF	PSMG3	-14.0
GATA3	SLC16A12	14.0
GATA4	PARD3B	14.0
LHX1	COBLL1	14.0
E2F6	NSD2	14.0
SIM1	LBX2	14.0
MAX	ST8SIA6	14.0
MAF	THBS4	14.0
MAX	GFRA1	14.0
LHX1	CRIM1	14.0
FOXQ1	CLDN11	-14.0
STAT5B	HOXC10	14.0
CTCF	PECAM1	14.0
E2F6	ACAT2	14.0
GATA2	TMEM178A	14.0
E2F4	CBLN1	-14.0
GATA2	PRSS3	-14.0
TFDP1	PLCH2	-14.0
RARB	CAMK2B	14.0
TP63	DSEL	-14.0
SP1	SMIM3	14.0
YBX1	MRPL51	14.0
GATA4	DIXDC1	14.0
CREM	KRT6B	14.0
LHX1	ZFPM2	14.0
CTCF	PIM2	-14.0
EGR1	F12	-14.0
ZNF274	PCDH17	14.0
SMAD1	SERPINF1	14.0
ZBTB7B	DPF1	14.0
IRF1	MYBPC2	14.0
LHX1	AGMO	14.0
CTCF	ALDH3A1	14.0
MAX	TRPC6	14.0
GATA3	GEN1	-14.0
CTCF	CCT5	-14.0
HIVEP2	KRT6B	14.0
DLX3	LAMP3	-14.0
GATA5	DNAJC12	14.0
GATA2	KCNQ5	-14.0
EGR1	ASCL2	-14.0
TWIST1	MUC5B	14.0
ZSCAN4	ZNF154	14.0
YBX1	HNMT	-14.0
TCFL5	MANEAL	14.0
MAX	CFAP57	14.0
ZEB1	FUT3	14.0
NFE2L1	XPO5	14.0
SP4	DNAJC6	-14.0
SP4	NEGR1	14.0
SP1	KANK2	14.0
LHX1	TMSB15B	-14.0
SP4	IL12RB1	-14.0
CREB3L1	TMEM151A	14.0
GATA2	RAB27B	14.0
MAF	PTS	-14.0
E4F1	IL6	14.0
GATA2	PTPRM	14.0
GATA4	MAGI1	14.0
FOXD1	CSAG1	14.0
MAF	HIST1H4H	-14.0
MAFG	GSN	-14.0
YBX1	ACTA2	-14.0
EHF	ANKRD22	14.0
SP4	DLG2	14.0
GATA4	TMEM255A	14.0
GATA3	SULF1	14.0
GATA2	LONRF2	14.0
TFDP1	FADS2	14.0
ZSCAN16	SYTL5	-14.0
AHR	TTLL4	-14.0
AHR	CDK15	-14.0
GATA3	TMEM246	14.0
TCF7L2	COL13A1	14.0
AHR	PIM2	14.0
SP1	CEP85	-14.0
MYPOP	DMXL1	-14.0
ONECUT1	USP18	-14.0
MYPOP	VSIG2	-14.0
GATA5	PRSS22	-14.0
SP4	RHBDL2	-14.0
GATA4	TMEM40	-14.0
GATA4	HIST1H2BG	-14.0
MNT	STC2	14.0
MAF	PPM1E	-14.0
E2F3	CBARP	14.0
CREB1	HOXB9	14.0
MSC	BATF2	14.0
ATF6	ISL2	14.0
TP63	FAM84A	14.0
NPAS2	RGS20	14.0
MAF	SYCE2	-14.0
ETV1	NT5DC2	14.0
YBX1	PER2	-14.0
MAX	CSRNP3	14.0
JUNB	PSAPL1	-14.0
MYPOP	EDARADD	-14.0
MAF	PTPRQ	14.0
SOX9	KRT75	14.0
HOXD9	DLX6	14.0
E2F5	C1orf74	14.0
AHR	TMEM65	-14.0
ESRRA	FUT3	14.0
TWIST1	TAS1R3	14.0
SP3	CHML	14.0
SP1	CKAP2	-14.0
LHX1	ITSN1	14.0
SIX4	SLC25A53	14.0
NR1H2	SMPX	14.0
GATA2	HIST1H4E	-14.0
TFEB	SLC6A8	14.0
GATA3	SCN2A	14.0
MYPOP	PRDM5	-14.0
YBX1	PODXL2	14.0
MSC	GNGT1	14.0
GATA4	FAM83A	-14.0
DLX3	MUCL1	14.0
EHF	THBS4	-14.0
POU5F1B	NR4A1	-14.0
EHF	PRX	-14.0
MAFG	TAP2	14.0
EHF	OAS1	14.0
MAX	SULF1	-14.0
LHX1	SYCE2	-14.0
FOXG1	XAGE2	-14.0
MAX	CAGE1	-14.0
NFE2L1	ILDR2	14.0
YBX1	HN1	13.0
PITX2	NUF2	13.0
ARNTL	CYBRD1	-13.0
PITX2	RAI2	-13.0
FOXA1	PEAR1	13.0
FOXA1	SVEP1	13.0
NFYB	KIF18B	13.0
MYCN	TIGD5	13.0
NFYB	CBX7	-13.0
YBX1	BCL2L12	13.0
PITX2	CDCA5	13.0
SRF	CNN1	13.0
PITX2	KIF18B	13.0
NFYB	FAM64A	13.0
PITX2	ORC6	13.0
NFYB	AURKA	13.0
CTCF	CROT	13.0
CTCF	MATN2	13.0
PITX2	ATAD2	13.0
TCFL5	FEN1	13.0
HOXB3	SERINC1	-13.0
PLAGL1	RRP1	13.0
GATA2	ABLIM3	13.0
TCFL5	CDC7	13.0
NFYB	UBE2T	13.0
TCFL5	PCNA	13.0
HOXC8	ACKR1	13.0
PLAGL1	SH3BP1	13.0
MAF	POLQ	-13.0
CTCF	KIF5C	13.0
MAF	ADRA2A	13.0
NFYC	DDX39A	13.0
E2F4	VSTM4	-13.0
MYCN	AUNIP	13.0
PITX2	RFC4	13.0
PRDM1	ABCA8	13.0
PITX2	SHCBP1	13.0
PITX2	E2F5	13.0
REL	RHBDF2	13.0
PPARG	GYG2	13.0
ARNTL	PLA2R1	-13.0
CTCF	SMC4	-13.0
POU2F3	KIF26B	13.0
GATA3	JAM3	13.0
HOXD4	PREX2	13.0
PLAGL1	MIIP	13.0
STAT1	MRGPRF	13.0
TBX1	ZNF483	13.0
CTCF	PPP4C	-13.0
PLAGL1	FBXL19	13.0
BHLHE40	SCN4B	13.0
MAFG	LRP8	13.0
IRF9	CD72	13.0
PITX2	PRC1	13.0
CTCF	INTS7	-13.0
MAF	ADRB2	13.0
CTCF	MCM4	-13.0
TCF3	SHE	13.0
ARNTL	PRDX4	13.0
ZEB1	ACKR3	-13.0
GATA4	PAPPA2	13.0
HOXB3	RPUSD1	13.0
POU2F3	CFL2	-13.0
PLAGL1	PPP1R35	13.0
IRF6	FDPS	13.0
TCF3	ADGRA2	13.0
PITX2	CENPO	13.0
CTCF	TBC1D9	13.0
NFYB	CCNDBP1	-13.0
NFYB	CHAF1A	13.0
GATA3	ABLIM3	13.0
MYCN	CCT3	13.0
MAF	FABP4	13.0
POU5F1B	NEIL3	13.0
CTCF	MASP1	13.0
ETV1	GNG11	-13.0
POU5F1B	CADM2	-13.0
CTCF	FBXL5	13.0
MAF	SNED1	13.0
IRF6	APBB2	-13.0
MECP2	IL6ST	13.0
ETV5	FBXO45	-13.0
HLF	HCAR3	13.0
MYCN	FLAD1	13.0
MYCN	RTKN	13.0
HOXA2	LAG3	-13.0
MYCN	MRPL13	13.0
MZF1	SLC25A22	-13.0
MAF	CFD	13.0
CTCF	PTPRQ	13.0
NR2C2	DNA2	13.0
FOXA1	AMIGO2	13.0
MYCN	F12	13.0
FOXA2	AP1S1	13.0
IRF9	PARP12	13.0
SOX10	CLIC5	13.0
YBX1	KIF4A	13.0
HOXB3	LBHD1	13.0
MNT	TCP11L2	13.0
KLF5	CDK5	13.0
ZNF202	GGCT	-13.0
PROX1	DTL	13.0
FOXA1	PCDHGA3	13.0
ARNTL	CENPA	13.0
ARNTL	CDC6	13.0
GATA5	MX1	-13.0
HOXB3	PUSL1	13.0
TCF3	DUSP1	13.0
ZEB1	BUB1B	13.0
FOXF1	SPRY1	13.0
MYCN	TEAD4	13.0
IRF6	RTKN	13.0
MAF	BAIAP2L1	-13.0
MAF	CDK15	13.0
GATA4	PTGER3	13.0
CTCF	SPX	13.0
IRF6	TLN2	-13.0
MYCN	UCK2	13.0
IRF9	HLA-F	13.0
NFE2L1	E2F7	13.0
CTCF	ACADSB	13.0
IRF5	HSD17B11	13.0
FOXA1	EDA2R	13.0
CTCF	CNRIP1	13.0
AHR	RELL2	13.0
BARX2	ADAM8	-13.0
GATA2	ABI3BP	13.0
E2F6	ATAD2	13.0
GATA4	GULP1	13.0
ARNTL	KIF20A	13.0
HOXC8	CCNF	-13.0
HOXC8	IRAK1	-13.0
PITX2	SMC1B	13.0
MAF	LRRK2	13.0
GATA2	SCN3B	13.0
NFYB	KIF22	13.0
STAT1	RASAL1	-13.0
GATA5	HLA-B	-13.0
SP4	DACH1	13.0
FOS	CHAC2	13.0
GATA2	MAML3	13.0
GATA5	TYMP	-13.0
STAT1	MRVI1	13.0
CTCF	RSPO3	13.0
MNT	PLCH1	13.0
PITX2	BTG2	-13.0
ARNTL	ZNF442	-13.0
TGIF2	ZBTB4	13.0
HOXD10	SMG5	-13.0
SMAD1	ARHGEF40	13.0
RFX3	ARHGAP11B	-13.0
IRF9	KLHDC7B	13.0
POU2F3	MCOLN2	13.0
TAL1	ITGB7	13.0
RFX7	SGK2	13.0
HIC1	SCRIB	13.0
MECP2	KIF22	-13.0
ZEB1	MMD	-13.0
POU5F1B	OLR1	13.0
HLF	ABHD6	13.0
FOXP1	ZNF124	13.0
PPARG	CCDC3	13.0
TCFL5	PGAM5	13.0
MYCN	ACTL8	13.0
FOXA1	JTB	-13.0
SOX6	OPN3	13.0
MAFG	MELK	13.0
TGIF2	PIF1	-13.0
MECP2	SIDT2	13.0
NFE2L1	APOBEC3B	13.0
CEBPG	PPFIA3	-13.0
NR2F1	SLC2A4	13.0
HOXD4	TSPAN33	-13.0
IRF9	MB21D1	13.0
CTCF	RASSF7	-13.0
YBX1	LIMD2	13.0
NR2C1	LIN9	13.0
MYCN	PDCD2L	13.0
CREB3L1	PYCR1	13.0
CTCF	MCM3	-13.0
MAF	GLI3	13.0
FOS	TEPP	-13.0
REL	SMCO4	13.0
TCFL5	PARP1	13.0
NR2F1	HSPB6	13.0
IRF6	NECTIN4	13.0
MYCN	ANKRD13B	13.0
GATA5	HLA-A	-13.0
CTCF	HDAC2	-13.0
LHX1	PTGER3	13.0
ZNF263	SCGB2A2	13.0
HIC1	PYCRL	13.0
MAF	TUBB8	-13.0
YBX1	PRR19	13.0
GATA3	COL14A1	13.0
ALX1	SLC4A7	13.0
MAF	UMODL1	-13.0
JUND	MUC16	13.0
YBX1	TAS2R3	-13.0
POU5F1B	INHBA	13.0
GATA3	CCNA2	-13.0
CTCF	PER2	13.0
IRF6	C2CD4D	13.0
CTCF	TTBK2	13.0
NFKB1	TNF	13.0
RFX3	PNMT	13.0
MAFG	TICRR	13.0
ARNTL	KLHDC1	-13.0
POU5F1B	HIST1H2BJ	13.0
HOXC8	FAM13C	13.0
IRF6	SCNM1	13.0
ZIC2	SLC22A18AS	13.0
TFAP2A	GIPC1	13.0
PPARD	AGR3	13.0
CTCF	BDKRB2	13.0
HOXA6	CAPS2	13.0
FOXA2	RUVBL1	13.0
GATA3	TSHZ2	13.0
CTCF	VWCE	13.0
CTCF	CAPS	-13.0
ZEB1	TMEM79	13.0
E2F4	HYLS1	13.0
TP53	PLCH2	13.0
HOXD4	ADAMTS5	13.0
FOXA1	ZNF154	13.0
SOX10	CD36	13.0
GATA2	MYOCD	13.0
LHX1	PGM5	13.0
ZSCAN4	TLCD1	-13.0
HIVEP2	RAB25	13.0
SOX6	CCDC138	13.0
ZIC2	RCN3	13.0
YBX1	STARD8	-13.0
ZNF148	FN1	13.0
SOX6	ANG	-13.0
IRF6	TIMM17A	13.0
MAF	PODN	13.0
FOXA1	OVCH2	13.0
LHX1	SYNE1	13.0
ELF1	ARHGAP22	-13.0
MYCN	NUTF2	13.0
HLF	RNF125	13.0
YBX1	OXTR	-13.0
ARNTL	HELLS	13.0
PPARG	RETSAT	13.0
CTCF	KCNQ4	-13.0
TCF3	EDA2R	13.0
CTCF	SULF1	-13.0
GATA2	HNMT	13.0
NFE2L1	DNMBP	-13.0
POU5F1B	JAKMIP1	13.0
CTCF	PKM	-13.0
IRF9	RFX5	13.0
STAT5B	PSME2	13.0
ETV3	CHST6	-13.0
ARNTL	CAPN8	-13.0
MECP2	UQCC2	-13.0
CTCF	SMIM3	13.0
NFYC	WDR19	-13.0
SP4	AK5	13.0
MAF	MYOCD	13.0
HOXD4	PCDHGA4	13.0
PITX2	F11R	13.0
GATA3	NCAPG2	-13.0
SOX10	MYCT1	13.0
SMAD1	PROS1	13.0
ZNF202	IL11RA	13.0
CTCF	INHBA	-13.0
ATF6	INA	13.0
SREBF1	ALPPL2	13.0
YBX1	TMEM246	-13.0
ZIC2	KIAA1524	-13.0
BATF3	IMPDH1	13.0
CTCF	SYNM	13.0
FOXL2	FOXC2	13.0
NFE2L2	TMEM54	13.0
MNT	TRIM47	-13.0
TGIF2	KRT222	13.0
KLF4	CLIC3	13.0
KLF12	SMOC2	-13.0
MYCN	SCRIB	13.0
GATA3	FLRT2	13.0
HOXC8	MTURN	13.0
TP53	SEC14L2	13.0
ETV1	F8	-13.0
GATA3	DEPDC1	-13.0
POU2F3	PDIA4	13.0
ARNTL	C8orf76	13.0
NFE2L2	A2ML1	13.0
ATF3	CALHM3	-13.0
ETV7	IKBKE	13.0
MAX	PDE7B	13.0
TP53	HOXA2	13.0
HOXB3	CACNA1B	13.0
SOX17	FAM198B	-13.0
RUNX2	NUTF2	-13.0
IRF6	HOXA2	-13.0
POU5F1B	HIST1H2BE	13.0
STAT2	CXCL11	13.0
TBX1	NEK5	13.0
CEBPG	FAM131C	-13.0
NR4A2	KRTCAP2	13.0
HLF	GLP2R	13.0
IRF2	TMEM220	13.0
TCF4	SPTBN2	13.0
MAF	DIAPH3	-13.0
IRF2	SEC61G	-13.0
MYCN	RPP25	13.0
NR4A2	ALDH1B1	13.0
PPARD	FMO5	13.0
RUNX2	CT83	-13.0
HINFP	COL5A1	-13.0
ARNTL	PSMG3	13.0
SOX17	HTR1D	13.0
GATA2	ZFPM2	13.0
KLF2	PSME2	13.0
MAX	MMRN2	13.0
HOXB5	ALDH6A1	13.0
PLAGL1	CDH15	13.0
FOXF1	TPPP	13.0
MAF	ALYREF	-13.0
NR4A2	CYC1	13.0
GATA5	TSLP	13.0
GATA2	TP53BP2	-13.0
NFKB1	SCRG1	-13.0
GATA3	DIXDC1	13.0
ZIC2	CHI3L1	13.0
HOXD4	RPUSD3	-13.0
GATA2	ERBB4	13.0
GATA2	NRXN3	13.0
FOXJ1	BUB1B	13.0
ZSCAN16	ZBED2	13.0
HIVEP2	HR	13.0
SOX10	GBP5	-13.0
HOXB5	UNC5C	13.0
FOXF1	RHOB	13.0
GATA4	ERG	13.0
NFAT5	ATP1A3	13.0
MYPOP	CCL7	13.0
IRF2	S100A7	-13.0
MYCN	BAG2	13.0
MYPOP	PSMD14	13.0
SOX17	CDK16	13.0
MAF	MEDAG	13.0
E2F3	MURC	13.0
GATA2	MKI67	-13.0
HOXD3	XKR9	13.0
ETV1	KLHL31	-13.0
POU5F1B	HIST1H2AG	13.0
E2F6	BRCA2	13.0
GABPA	CFAP47	13.0
MEOX1	WNT6	13.0
SP1	LIMA1	13.0
KLF2	CAMK2B	-13.0
MYPOP	EN1	13.0
IRF2	STX1A	-13.0
MAX	CIT	-13.0
MAX	RELN	13.0
SP1	OCA2	-13.0
ZNF232	GPLD1	13.0
MYCN	HYAL3	13.0
PPARG	PPP1R1A	13.0
YBX1	CENPF	13.0
E2F6	MYO3A	13.0
PRDM1	HIST1H4I	-13.0
CTCF	GEN1	-13.0
YBX1	DNMT3A	13.0
SOX6	NKAIN1	13.0
MAF	APBA2	-13.0
YBX1	BRI3BP	13.0
E2F5	TFDP1	13.0
TP53	INPP5J	13.0
SREBF1	ALPP	13.0
GATA3	ALDH1A2	13.0
LHX1	ANTXR2	13.0
NFATC1	DPYSL5	-13.0
SP4	FAM196B	13.0
PKNOX1	DLX6	13.0
DLX3	DPT	13.0
SMAD3	PTPRN	13.0
NPAS2	GATA4	13.0
SP3	SYT13	13.0
WT1	VAX1	13.0
ZIC2	HIST1H1C	13.0
MAX	NEIL3	-13.0
ZEB1	SPRR1B	13.0
SP1	MMP28	13.0
SP1	TSC22D3	13.0
GATA5	RHBDL2	-13.0
GATA5	PLXNA4	13.0
GATA3	LAMA2	13.0
MYPOP	AMOTL2	-13.0
NR1H2	CSAG3	13.0
SOX17	CWH43	13.0
SREBF1	SPDYC	13.0
MAF	HCN1	13.0
TWIST1	C2CD4D	13.0
NFE2L2	ARTN	13.0
SP4	FAM172A	13.0
ETV7	CCDC78	13.0
SP1	MSX2	13.0
GATA2	PHYHIP	13.0
LHX1	ASPM	-13.0
YBX1	DEPDC1	13.0
MAX	ARSG	13.0
ARNTL	SLC1A7	-13.0
SP1	BDKRB2	13.0
MAF	SLC27A2	13.0
HOXB7	TRDN	13.0
E2F3	COCH	13.0
ATF6	C12orf56	13.0
NFAT5	WARS	13.0
ATOH8	RDH16	13.0
SP4	CCL28	13.0
TFAP2C	QRFPR	-13.0
MAF	LAMA3	13.0
POU5F1B	MMP7	13.0
SP4	DRC3	13.0
ATF6	SLC10A4	13.0
EGR3	C1orf74	-13.0
MAX	THSD4	13.0
REST	COL11A2	13.0
MYPOP	PFKP	13.0
TWIST1	SPDYC	13.0
MNT	FAM214A	13.0
GATA3	E2F7	-13.0
LHX6	GBP1	13.0
NR2F6	NAT1	13.0
TWIST1	FAM90A1	13.0
SOX11	MMP12	-13.0
MAF	ACADL	13.0
MAX	CACYBP	-13.0
SP4	PLAT	13.0
SOX10	SCN2A	13.0
MYPOP	GRIN2D	13.0
SOX17	CT83	13.0
GATA5	LMO1	-13.0
POU5F1B	OAS1	13.0
YBX1	COL22A1	13.0
HNF4G	CHRM3	-13.0
E2F6	INA	13.0
DLX3	FMO2	13.0
FOXQ1	CAV2	13.0
MAF	SGCA	13.0
E2F1	SLC52A1	-13.0
GLI2	BCL2L14	13.0
SP1	WLS	13.0
SMAD1	ACSM1	13.0
SMAD3	COL9A1	13.0
GATA2	GULP1	13.0
YBX1	MT1G	13.0
LHX1	SCN2A	13.0
GATA5	SAMD5	13.0
POU5F1B	HIST2H4A	13.0
AHR	IMPA2	13.0
SP1	MAML3	13.0
KLF2	RDH10	13.0
POU5F1B	HIST3H2BB	13.0
TCF7L1	RDH10	-13.0
AHR	HIST1H2AE	13.0
FOXQ1	PRTFDC1	-13.0
SP1	ZCCHC5	13.0
ZBTB7B	COL26A1	13.0
MYPOP	PGK1	13.0
GATA4	CPEB3	13.0
MNT	PLAC9	-13.0
SP1	TRIM47	-13.0
CTCF	OLAH	-13.0
JUNB	KRT9	-13.0
MNT	CFAP57	13.0
SP1	RANBP17	-13.0
GATA2	IGSF1	13.0
AHR	NPB	13.0
SP4	CFAP57	13.0
SOX10	ZCCHC5	13.0
LHX1	MMP10	-13.0
LHX6	ANKRD22	13.0
SP1	CCNA1	-13.0
POU4F1	CLDN6	13.0
ZSCAN16	ADA	13.0
GATA4	RNF222	-13.0
MYPOP	MAGI1	-13.0
HOXB2	LRRC55	13.0
IRF7	GDF5	13.0
SP1	ENKUR	-13.0
GATA2	MMP20	-13.0
CTCF	CAV1	12.0
YBX1	SH2B2	12.0
YBX1	MFSD12	12.0
GATA3	SLIT2	12.0
PITX2	HJURP	12.0
E2F4	SLC17A7	-12.0
POU2F3	CDCA2	12.0
PITX2	CBX7	-12.0
GATA3	AK5	12.0
ZIC2	GALK1	12.0
MYCN	KPNA2	12.0
FOXA1	PDE2A	12.0
MYCN	TRABD	12.0
MYCN	PLK1	12.0
PITX2	KNTC1	12.0
MAF	SCN3B	12.0
MYCN	ZNF598	12.0
HLF	HCAR2	12.0
PITX2	TSPAN7	-12.0
ARNTL	LHX6	-12.0
YBX1	CDT1	12.0
IRF6	RGAG4	-12.0
MYCN	WDR62	12.0
ZEB1	TBX15	-12.0
MYCN	ZC3H6	-12.0
NFYB	SPAG5	12.0
NFE2L1	MAP4K1	12.0
HOXB3	CREBRF	-12.0
PITX2	DSCC1	12.0
PITX2	CHEK1	12.0
IRF6	COL4A3BP	-12.0
PITX2	BEND3	12.0
CTCF	SLC6A11	-12.0
TCFL5	TYMS	12.0
PITX2	JAM2	-12.0
FOXA1	LMOD1	12.0
NFYB	TACC3	12.0
FOXA1	KCND3	12.0
ELF1	IL6ST	12.0
YBX1	CARF	-12.0
HOXB3	SNRPB	12.0
MYCN	EIF5A	12.0
FOXA1	ECM2	12.0
HOXC8	KL	12.0
PITX2	DNA2	12.0
PROX1	CEP55	12.0
HOXB3	JMJD4	12.0
PROX1	BUB1	12.0
STAT1	MAD2L1	-12.0
TCF3	AKAP12	12.0
HOXB3	FAM136A	12.0
PLAGL1	ZNF598	12.0
NFYB	TMEM206	12.0
HOXC8	SLC17A7	12.0
NFYB	PCDHGB7	-12.0
MAF	LDB2	12.0
IRF6	C1orf74	12.0
TCF3	PGAM5	-12.0
IRF6	GIPC1	12.0
POU5F1B	PRR11	12.0
PROX1	EXO1	12.0
NFYB	KIF18A	12.0
ARNTL	ARHGEF6	-12.0
E2F3	STMN1	12.0
PPARG	KIF14	-12.0
POU5F1B	CKAP2	12.0
KLF5	CFL1	12.0
ARNTL	CCDC69	-12.0
NR2F1	PEAR1	12.0
MECP2	PREX2	12.0
FOXA1	FREM1	12.0
NFYB	MEMO1	12.0
PLAGL1	PPAN	12.0
FOXA1	H2AFZ	-12.0
BARX2	TACC3	-12.0
PBX2	GNG11	12.0
E4F1	GALNT15	12.0
REL	ARPC1B	12.0
NFE2L1	MMP12	12.0
MYCN	RAN	12.0
CTCF	AFF1	12.0
RUNX2	PCLAF	-12.0
KLF12	ZNF423	-12.0
PITX2	A2ML1	12.0
KLF2	ITGB7	12.0
MECP2	COL4A3BP	12.0
PITX2	THSD1	-12.0
FOXF1	SPARCL1	12.0
PITX2	ARHGEF40	-12.0
BHLHE40	IL11RA	12.0
MYCN	POP1	12.0
TCF3	NDNF	12.0
FOXA1	CMC2	-12.0
MYCN	EIF5AL1	12.0
FOXA1	PCDHGA9	12.0
IRF6	ARF1	12.0
MYCN	POP7	12.0
REL	IKBKE	12.0
PITX2	GFAP	-12.0
ZSCAN4	LAMTOR2	-12.0
PITX2	CCM2L	-12.0
RUNX2	LRRC59	-12.0
ETV6	CES1	-12.0
STAT1	F3	12.0
PRDM1	SAC3D1	-12.0
FOXA1	COL17A1	12.0
PITX2	TBC1D31	12.0
NFYB	NR2C2AP	12.0
CTCF	PPP1R14C	-12.0
IRF6	BORCS7	-12.0
RFX5	SERPINH1	-12.0
POU2F3	TSLP	-12.0
ARNTL	KIAA1683	-12.0
IRF6	SSTR1	-12.0
GATA2	PAPPA2	12.0
ELK4	ADGRF5	-12.0
IRF6	ZSWIM4	12.0
NR4A2	ADRM1	12.0
MYPOP	TUBA1C	12.0
CTCF	RELL2	-12.0
TCF3	ECE2	-12.0
HOXB3	RAN	12.0
NR2F1	LIPE	12.0
POU5F1B	MSH2	12.0
TCFL5	NASP	12.0
HOXB3	C19orf48	12.0
HLF	GINS2	-12.0
ZEB1	DOCK11	-12.0
HOXD4	OR2B6	-12.0
MYCN	TUBG1	12.0
PRDM1	CENPX	-12.0
TAL1	SOWAHD	12.0
IRF6	ZIC1	12.0
GATA5	CSRNP3	12.0
BHLHE40	MEMO1	-12.0
MAF	NECAB1	12.0
IRF6	VPS72	12.0
HINFP	SPP1	-12.0
CTCF	CHML	-12.0
MAF	CCDC80	12.0
HOXD4	ZNF106	12.0
GATA4	ARL15	12.0
SMAD1	NOTCH4	12.0
RELA	PRDM8	12.0
HLF	RFC4	-12.0
HOXB3	MRPS12	12.0
POU5F1B	DEPDC1	12.0
MAF	ABI3BP	12.0
NR2F1	CD34	12.0
MECP2	RBM43	12.0
ALX1	CRELD2	-12.0
PLAG1	ACADS	12.0
TFAP2A	LRFN4	12.0
RUNX2	GIPR	12.0
NR2F1	CCM2L	12.0
HOXD10	KIAA1456	12.0
ZIC2	SLC19A1	12.0
STAT2	STAT1	12.0
YBX1	ANO3	-12.0
ELF1	UQCC3	-12.0
SP4	SEMA6D	12.0
YBX1	CCDC137	12.0
MAF	DOCK11	12.0
SOX10	AREG	12.0
HOXB3	ALG3	12.0
CTCF	LGALS12	12.0
MAF	CYP4F12	12.0
TCFL5	CBX2	12.0
MAF	PRDM8	12.0
CTCF	SLC16A7	12.0
POU2F3	SLC2A6	12.0
POU5F1B	CENPA	12.0
FOXF1	SMG5	-12.0
REL	SMCO2	12.0
MYCN	RCOR2	12.0
KLF12	CCDC80	-12.0
MZF1	PGP	-12.0
CTCF	PPP1R14B	-12.0
CTCF	CLEC1A	12.0
BHLHE40	LIMS2	12.0
SOX6	SLC25A53	12.0
NR2F1	SQLE	-12.0
MAF	HNMT	12.0
TGIF2	HCAR1	12.0
ETV1	MCM7	12.0
CTCF	TSHZ2	12.0
MAFG	CD38	12.0
MECP2	SNRPA1	-12.0
NFE2L1	PLAU	12.0
POU5F1B	NEK2	12.0
IRF6	NDNF	-12.0
MAF	ARHGAP6	12.0
KLF5	TMSB10	12.0
RUNX2	GLIPR1L2	12.0
HOXA6	POLD1	-12.0
TFAP2A	VARS	12.0
CTCF	PCSK5	12.0
GATA4	PDE1A	12.0
HOXA4	G0S2	12.0
REL	SLC2A4	-12.0
YBX1	ARL15	-12.0
HOXD10	CFAP69	12.0
IRF9	TNFSF4	12.0
GATA5	DCLK1	12.0
POU5F1B	HSH2D	12.0
REL	ST20	12.0
PROX1	SLC2A4	-12.0
HNF1A	CTU1	-12.0
NR4A2	TBCB	12.0
MECP2	FKBPL	-12.0
MLX	DSC2	-12.0
TCF3	ARL9	-12.0
IRF9	OAS2	12.0
MAF	ANK2	12.0
ONECUT2	SPIRE2	-12.0
FOXC2	INHBE	-12.0
MYCN	ATG9B	12.0
HINFP	PGK1	-12.0
GATA4	SLC16A7	12.0
ARNTL	TRIM65	12.0
MYCN	STIP1	12.0
CTCF	SPOCD1	-12.0
ELK4	ITLN2	12.0
PRDM1	BRI3BP	-12.0
HOXD4	DHCR7	-12.0
ETV7	KLHL17	12.0
POU5F1B	SKA3	12.0
TFAP2A	ZNF707	12.0
KLF12	PODN	-12.0
SP3	C14orf132	12.0
STAT1	HPD	12.0
TP53	ZSWIM5	12.0
NR4A2	FAM78B	12.0
GATA4	TSLP	12.0
GATA2	ARHGAP24	12.0
HOXB8	CNFN	12.0
GATA3	EFEMP1	12.0
GATA2	ESR1	12.0
TCFL5	MCM3	12.0
IRF2	GJB2	-12.0
YBX1	RELB	12.0
PROX1	TNFSF4	12.0
ONECUT1	CDKN2D	-12.0
IRF9	OAS3	12.0
ARNTL	APOO	12.0
NR4A2	SIDT1	-12.0
BATF3	RPS6KA5	-12.0
ELF1	RASSF6	12.0
ONECUT1	TMSB10	-12.0
GATA5	AGR2	12.0
CTCF	TFR2	-12.0
LHX1	PCCA	12.0
TCF3	MAMDC2	12.0
CDX2	RASSF6	12.0
SIM1	ENO1	12.0
E2F3	GAS2L2	-12.0
E2F6	ULBP1	12.0
CREB3L2	EFNA1	12.0
BHLHE40	CCDC8	12.0
SP4	ITGB7	-12.0
MYPOP	BCL2L12	12.0
ZEB1	FAM83H	12.0
NR4A2	JTB	12.0
REL	ZNF214	-12.0
ZSCAN4	GGCT	-12.0
SOX6	ACADS	-12.0
TCF3	MAGOHB	-12.0
CTCF	SOX12	-12.0
NR2F1	SLC2A1	-12.0
CTCF	GLT8D2	12.0
ZIC2	TGFBI	12.0
SOX10	CASQ2	12.0
ARNTL	TBC1D9	-12.0
NFE2L2	CLIC3	12.0
NR2F1	MEOX1	12.0
GATA5	CD36	12.0
CTCF	APOO	-12.0
RUNX2	SSTR1	12.0
LHX1	C3orf18	12.0
TFAP2A	SCRIB	12.0
HLF	CYP4B1	12.0
GATA3	MAPK10	12.0
SOX10	HLA-DOB	-12.0
ARNTL	HCN1	-12.0
HOXC6	GLRB	12.0
DLX3	PDE1A	12.0
POU5F1B	UBASH3B	12.0
NR2F1	CLDND2	12.0
POU5F1B	ZBED2	12.0
YBX1	MFAP4	-12.0
KLF5	SOWAHD	12.0
BATF3	RNF39	-12.0
NR4A2	TIMM44	12.0
NR2F1	SGCA	12.0
SOX17	PNMA3	12.0
THRB	SPTBN2	12.0
GATA2	CORO2B	12.0
YBX1	ST3GAL4	12.0
TP53	IGDCC3	12.0
FOXC2	IL33	12.0
E2F6	DNMT1	12.0
CDX2	TFAP2B	12.0
TP63	SLC7A10	-12.0
MZF1	PPP1R35	-12.0
E2F6	TET3	12.0
NFE2L1	HS3ST3A1	12.0
NR2F1	PAICS	-12.0
MAF	IL12RB2	-12.0
SMAD1	PRDM16	12.0
MYBL2	CRABP2	12.0
MYPOP	HOXA6	-12.0
FOXP1	RAD21	12.0
SOX17	ACAN	12.0
HOXD4	SOX5	12.0
PPARG	RASGRP1	-12.0
RUNX2	DACT2	12.0
SOX6	MBOAT2	12.0
SP4	C14orf132	12.0
CTCF	TRIM59	-12.0
GATA4	PARK2	12.0
ONECUT1	ZC3H12B	12.0
YBX1	CDK16	12.0
GATA4	EYS	12.0
CTCF	CYP4X1	12.0
KLF15	NPHS1	12.0
PRDM1	ARRDC3	12.0
TCFL5	ONECUT2	12.0
BACH1	AFF1	12.0
STAT2	OAS3	12.0
HNF1B	CSMD2	12.0
SMAD1	SCUBE1	12.0
GATA4	EBF3	12.0
GATA3	ESR1	12.0
MYPOP	DACH1	-12.0
MECP2	PCDHGA6	12.0
ZEB1	EFNA3	12.0
ZNF148	CILP2	12.0
GATA4	PDZD2	12.0
ELF5	GSDMC	12.0
NFE2L1	YARS	12.0
MNT	MRPL15	-12.0
ZIC2	XK	-12.0
MAF	CDC123	-12.0
YBX1	FAM47E	-12.0
IRF2	CHST6	-12.0
POU5F1B	AMER1	12.0
NR2E3	CDH2	12.0
SOX6	SIM2	12.0
PPARG	CALCOCO1	12.0
GATA2	GPC3	12.0
ZIC2	P4HA3	12.0
MAFG	NCAPG2	12.0
HEY2	ACSM3	-12.0
LHX1	PTPRQ	12.0
SP3	LRRK2	12.0
GATA2	HIST1H2BO	-12.0
GATA2	CDH13	12.0
GATA5	PDIA4	-12.0
MAF	CPB1	12.0
SP1	ZYG11A	-12.0
CTCF	EDN2	-12.0
GATA4	SLIT3	12.0
BHLHE40	MTURN	12.0
GLI2	SUSD4	12.0
STAT5A	CCNI2	12.0
SP4	TFRC	-12.0
NFE2L1	CALU	12.0
CEBPG	HTR6	-12.0
CTCF	CKAP4	-12.0
HOXD4	SRC	-12.0
E2F3	CCDC168	12.0
MYPOP	ROBO4	-12.0
SRF	SGCA	12.0
YBX1	NECAB1	-12.0
RARA	SLC12A1	12.0
EHF	CCL7	12.0
POU5F1B	RAD54B	12.0
CTCF	PNPLA3	-12.0
GATA3	PTPRM	12.0
TCF4	PRKX	12.0
MAF	ST8SIA6	12.0
SOX17	SLC12A8	12.0
TP53	PLPPR1	12.0
ZNF35	TMEM45A	-12.0
SP4	TRIM69	-12.0
LHX1	AFF1	12.0
ZIC2	NUDT12	-12.0
GATA2	ROPN1	-12.0
NFATC3	PLA2G2F	-12.0
ZSCAN16	MYBL1	12.0
TBX1	KHDRBS3	-12.0
RUNX1	CSMD2	12.0
DLX3	CLDN11	12.0
ZIC2	C3orf18	12.0
SP4	LONRF2	12.0
CTCF	HES6	-12.0
CTCF	ORM1	-12.0
ZNF263	KLK6	12.0
PPARD	SPEF2	12.0
ALX1	FAM71E1	-12.0
ELK1	TSPAN1	-12.0
MYPOP	EGR2	-12.0
NR1H2	PSMB9	12.0
MYPOP	SMC4	12.0
NPAS2	IGF2BP1	12.0
SP4	KLHL29	12.0
MAX	AQP9	-12.0
JUN	TTYH1	12.0
MAX	C8orf46	-12.0
SP4	TP53BP2	-12.0
EHF	FAM83A	12.0
HIC1	SMIM5	12.0
MAX	EFCAB1	12.0
LHX1	ADAM19	-12.0
POU5F1B	PRAME	12.0
PAX9	MUC16	12.0
NFE2	RAMP1	-12.0
RFX7	KCNK1	-12.0
GATA2	DCUN1D5	-12.0
PGR	AQP5	12.0
FOXQ1	NEDD9	-12.0
LHX1	FMO2	12.0
SP1	TPPP3	12.0
YBX1	C8orf34	-12.0
GATA2	IGF2BP3	-12.0
SP4	MMRN2	12.0
GATA5	HOXA7	12.0
NR1H2	CSAG1	12.0
MAX	PLAC9	12.0
SOX10	SYT16	12.0
POU5F1B	SFT2D2	12.0
SP4	NCAM2	12.0
GATA2	PADI1	12.0
ZSCAN16	COTL1	12.0
RARG	TOGARAM2	12.0
SP1	DAPK1	-12.0
FOXJ3	BUB1B	12.0
WT1	IGFBPL1	12.0
GATA2	LAMA3	12.0
OVOL1	CATSPER1	-12.0
MYPOP	TMEM97	12.0
GATA2	IQUB	12.0
GATA2	ATP1B2	12.0
GATA4	SOX11	-12.0
NFE2L1	IQUB	-12.0
NFAT5	TRPA1	12.0
PAX6	PPP2R2C	12.0
ZBTB7B	MYT1	12.0
SP1	KLHL3	12.0
SP4	C3orf18	12.0
MAF	BMP3	12.0
TGIF1	KLK10	12.0
SP1	ASPM	-12.0
MYPOP	NDUFB9	12.0
SP4	TAS1R3	-12.0
HNF4G	CXCL17	12.0
ARNTL	TRPV3	12.0
SP3	MFSD2B	-12.0
PPARG	ALDH3A1	12.0
SP1	DCLK1	12.0
AHR	MSH2	-12.0
YBX1	LPL	-12.0
EHF	DAPP1	12.0
MAF	FREM2	-12.0
ZNF148	CST4	12.0
SMAD4	LY6K	12.0
GATA2	SLC12A8	-12.0
SP4	FBXL13	-12.0
STAT5B	GALNT14	12.0
BATF	C1orf186	12.0
SP1	AMOTL2	12.0
MAF	EFCAB12	12.0
YBX1	SH3GL3	12.0
SP1	DNER	-12.0
EHF	RARRES1	12.0
POU5F1B	PPM1E	12.0
YBX1	CCNA1	12.0
SP4	VAX2	12.0
AHR	GRIN2D	12.0
YBX1	ROS1	12.0
STAT2	TRIM15	12.0
SOX17	ANKRD7	12.0
MNT	BPI	12.0
